word1	attr1	word2	attr2	word1 freq	word2 freq	bigram freq	score trimmed	distance	similarity	period	genre	combined
Adad-nerari_III_RN	[?]	Adad-nerari_III_RN	[?]	70	70	20	0.032		0			
Adad-nerari_III_RN	[?]	Enlil_d	[?]	70	322	10	0.007		0			
Adad-nerari_III_RN	[?]	Šamši-Adad_V_RN	[?]	70	166	6	0.006		0			
Adad-nerari_III_RN	[?]	Shalmaneser_IV_RN	[?]	70	17	2	0.006		0			
Adad-nerari_III_RN	[?]	Aššur_d	[?]	70	1780	10	0.003		0			
Adad-nerari_III_RN	[?]	Sin_d	[?]	70	315	1	0.001		0			
Adad-nerari_III_RN	[?]	Marduk_d	[?]	70	339	1	0.001		0			
Adad-nerari_III_RN	[?]	Adad_d	[?]	70	276	1	0.001		0			
Adad-nerari_III_RN	[?]	Ištar_d	[?]	70	326	1	0.001		0			
Adad-nerari_III_RN	[?]	Nabu_d	[?]	70	307	1	0.001		0			
Adad-nerari_III_RN	[?]	Shalmaneser_III_RN	[?]	70	1935	2	0.001		0			
Adad-nerari_II_RN	[?]	Adad-nerari_II_RN	[?]	205	205	224	0.121		0			
Adad-nerari_II_RN	[?]	Aššur_d	[?]	205	1780	16	0.003		0			
Adad-nerari_II_RN	[?]	Girra_d	[?]	205	8	1	0.003		0			
Adad-nerari_II_RN	[?]	Gula_d	[?]	205	21	2	0.003		0			
Adad-nerari_II_RN	[?]	Ištar_d	[?]	205	326	3	0.001		0			
Adad-nerari_II_RN	[?]	Ninurta_d	[?]	205	165	2	0.001		0			
Adad-nerari_II_RN	[?]	Nergal_d	[?]	205	135	2	0.001		0			
Adad-nerari_II_RN	[?]	Enlil_d	[?]	205	322	1	0.0		0			
Adad-nerari_II_RN	[?]	Adad_d	[?]	205	276	1	0.0		0			
Adad_d	[?]	Šala_d	[?]	276	12	11	0.021		0			
Adad_d	[?]	Šarrat-Kidmuri_d	[?]	276	26	15	0.02		0			
Adad_d	[?]	Ninurta_d	[?]	276	165	36	0.019		0			
Adad_d	[?]	Ištar-Bit-Kidmuri_d	[?]	276	8	8	0.019		0			
Adad_d	[?]	Nergal_d	[?]	276	135	32	0.018		0			
Adad_d	[?]	Erra_d	[?]	276	19	11	0.017		0			
Adad_d	[?]	Ištar_Nineveh_d	[?]	276	114	20	0.013		0			
Adad_d	[?]	Nusku_d	[?]	276	87	18	0.013		0			
Adad_d	[?]	Nabu_d	[?]	276	307	30	0.011		0			
Adad_d	[?]	Ištar_Arbail_d	[?]	276	111	18	0.011		0			
Adad_d	[?]	Belet-ili_d	[?]	276	47	10	0.01		0			
Adad_d	[?]	Ea_d	[?]	276	127	16	0.009		0			
Adad_d	[?]	Ištar_d	[?]	276	326	22	0.008		0			
Adad_d	[?]	Bel_d	[?]	276	192	16	0.008		0			
Adad_d	[?]	Marduk_d	[?]	276	339	19	0.007		0			
Adad_d	[?]	Ashurnasirpal_II_RN	[?]	276	1662	36	0.006		0			
Adad_d	[?]	Ištar-Aššuritu_d	[?]	276	11	3	0.006		0			
Adad_d	[?]	Shalmaneser_III_RN	[?]	276	1935	33	0.005		0			
Adad_d	[?]	Tiamat_d	[?]	276	7	2	0.005		0			
Adad_d	[?]	Uraš_d	[?]	276	8	2	0.005		0			
Adad_d	[?]	Zababa_d	[?]	276	7	2	0.005		0			
Adad_d	[?]	Šamaš_d	[?]	276	613	15	0.004		0			
Adad_d	[?]	Adad_d	[?]	276	276	10	0.004		0			
Adad_d	[?]	Damkina_d	[?]	276	12	2	0.004		0			
Adad_d	[?]	Kakka_d	[?]	276	9	2	0.004		0			
Adad_d	[?]	Haya_d	[?]	276	10	2	0.004		0			
Adad_d	[?]	Kusu_d	[?]	276	11	2	0.004		0			
Adad_d	[?]	Sebettu_d	[?]	276	13	2	0.004		0			
Adad_d	[?]	Sargon_II_RN	[?]	276	1915	28	0.004		0			
Adad_d	[?]	Sin_d	[?]	276	315	7	0.003		0			
Adad_d	[?]	Gula_d	[?]	276	21	2	0.003		0			
Adad_d	[?]	Šarrat-nipha_d	[?]	276	15	2	0.003		0			
Adad_d	[?]	Aššur_d	[?]	276	1780	16	0.003		0			
Adad_d	[?]	Zarpanitu_d	[?]	276	61	3	0.003		0			
Adad_d	[?]	Tašmetu_d	[?]	276	63	3	0.003		0			
Adad_d	[?]	Mullissu_d	[?]	276	158	5	0.003		0			
Adad_d	[?]	Nisaba_d	[?]	276	27	2	0.003		0			
Adad_d	[?]	Šakkan_d	[?]	276	6	1	0.003		0			
Adad_d	[?]	Šamši-Adad_V_RN	[?]	276	166	4	0.002		0			
Adad_d	[?]	Anu_d	[?]	276	116	3	0.002		0			
Adad_d	[?]	Adad-nerari_III_RN	[?]	276	70	2	0.002		0			
Adad_d	[?]	Sennacherib_RN	[?]	276	2798	19	0.002		0			
Adad_d	[?]	Beltiya_d	[?]	276	19	1	0.002		0			
Adad_d	[?]	Esarhaddon_RN	[?]	276	1506	12	0.002		0			
Adad_d	[?]	Belet-parṣi_d	[?]	276	8	1	0.002		0			
Adad_d	[?]	Ninšiku_d	[?]	276	14	1	0.002		0			
Adad_d	[?]	Šeruʾa_d	[?]	276	39	2	0.002		0			
Adad_d	[?]	Enlil_d	[?]	276	322	4	0.001		0			
Adad_d	[?]	Aššur-dan_II_RN	[?]	276	112	1	0.001		0			
Adad_d	[?]	Tiglath-pileser_III_RN	[?]	276	534	2	0.001		0			
Adad_d	[?]	Nanaya_d	[?]	276	32	1	0.001		0			
Adad_d	[?]	Ashurbanipal_RN	[?]	276	3438	8	0.001		0			
Adad_d	[?]	Adad-nerari_II_RN	[?]	276	205	1	0.0		0			
Amurru_d	[?]	Šarrat-eqi_d	[?]	8	5	1	0.018		0			
Amurru_d	[?]	Tišpak_d	[?]	8	5	1	0.018		0			
Amurru_d	[?]	Uraš_d	[?]	8	8	1	0.014		0			
Amurru_d	[?]	Kakka_d	[?]	8	9	1	0.013		0			
Amurru_d	[?]	Haya_d	[?]	8	10	1	0.012		0			
Amurru_d	[?]	Kusu_d	[?]	8	11	1	0.012		0			
Amurru_d	[?]	Madanu_d	[?]	8	10	1	0.012		0			
Amurru_d	[?]	Gula_d	[?]	8	21	1	0.009		0			
Amurru_d	[?]	Nusku_d	[?]	8	87	1	0.004		0			
Amurru_d	[?]	Shalmaneser_III_RN	[?]	8	1935	3	0.003		0			
Amurru_d	[?]	Ninurta_d	[?]	8	165	1	0.003		0			
Amurru_d	[?]	Enlil_d	[?]	8	322	1	0.002		0			
Amurru_d	[?]	Ištar_d	[?]	8	326	1	0.002		0			
Antu_d	[?]	Šala_d	[?]	14	12	4	0.034		0			
Antu_d	[?]	Zababa_d	[?]	14	7	2	0.022		0			
Antu_d	[?]	Damkina_d	[?]	14	12	2	0.017		0			
Antu_d	[?]	Belet-ili_d	[?]	14	47	3	0.013		0			
Antu_d	[?]	Šimati_d	[?]	14	5	1	0.013		0			
Antu_d	[?]	Ištar-Bit-Kidmuri_d	[?]	14	8	1	0.01		0			
Antu_d	[?]	Haya_d	[?]	14	10	1	0.009		0			
Antu_d	[?]	Kusu_d	[?]	14	11	1	0.009		0			
Antu_d	[?]	Ištar-Aššuritu_d	[?]	14	11	1	0.009		0			
Antu_d	[?]	Sin-šarru-iškun_RN	[?]	14	138	3	0.008		0			
Antu_d	[?]	Kippat-mati_d	[?]	14	15	1	0.008		0			
Antu_d	[?]	Adad_d	[?]	14	276	4	0.007		0			
Antu_d	[?]	Ninurta_d	[?]	14	165	3	0.007		0			
Antu_d	[?]	Enlil_d	[?]	14	322	4	0.007		0			
Antu_d	[?]	Nisaba_d	[?]	14	27	1	0.006		0			
Antu_d	[?]	Ea_d	[?]	14	127	2	0.005		0			
Antu_d	[?]	Mullissu_d	[?]	14	158	2	0.005		0			
Antu_d	[?]	Ištar_Nineveh_d	[?]	14	114	1	0.003		0			
Antu_d	[?]	Ištar_Arbail_d	[?]	14	111	1	0.003		0			
Antu_d	[?]	Bel_d	[?]	14	192	1	0.002		0			
Anu_d	[?]	Dagan_d	[?]	116	24	19	0.04		0			
Anu_d	[?]	Ištar-Bit-Kidmuri_d	[?]	116	8	7	0.026		0			
Anu_d	[?]	Antu_d	[?]	116	14	9	0.025		0			
Anu_d	[?]	Adad_d	[?]	116	276	29	0.018		0			
Anu_d	[?]	Ea_d	[?]	116	127	20	0.018		0			
Anu_d	[?]	Enlil_d	[?]	116	322	32	0.018		0			
Anu_d	[?]	Belet-ili_d	[?]	116	47	10	0.015		0			
Anu_d	[?]	Šala_d	[?]	116	12	4	0.012		0			
Anu_d	[?]	Anunnaki_d	[?]	116	31	6	0.011		0			
Anu_d	[?]	Igigi_d	[?]	116	56	7	0.01		0			
Anu_d	[?]	Sin_d	[?]	116	315	14	0.008		0			
Anu_d	[?]	Nergal_d	[?]	116	135	9	0.008		0			
Anu_d	[?]	Haya_d	[?]	116	10	2	0.007		0			
Anu_d	[?]	Šamaš_d	[?]	116	613	14	0.006		0			
Anu_d	[?]	Damkina_d	[?]	116	12	2	0.006		0			
Anu_d	[?]	Kusu_d	[?]	116	11	2	0.006		0			
Anu_d	[?]	Ištar_d	[?]	116	326	8	0.005		0			
Anu_d	[?]	Šimati_d	[?]	116	5	1	0.005		0			
Anu_d	[?]	Ea-šarru_d	[?]	116	5	1	0.005		0			
Anu_d	[?]	Nabu_d	[?]	116	307	6	0.004		0			
Anu_d	[?]	Anu_d	[?]	116	116	4	0.004		0			
Anu_d	[?]	Uraš_d	[?]	116	8	1	0.004		0			
Anu_d	[?]	Zababa_d	[?]	116	7	1	0.004		0			
Anu_d	[?]	Kakka_d	[?]	116	9	1	0.003		0			
Anu_d	[?]	Marduk_d	[?]	116	339	6	0.003		0			
Anu_d	[?]	Ninšiku_d	[?]	116	14	1	0.003		0			
Anu_d	[?]	Kippat-mati_d	[?]	116	15	1	0.003		0			
Anu_d	[?]	Ištar-Aššuritu_d	[?]	116	11	1	0.003		0			
Anu_d	[?]	Aššur_d	[?]	116	1780	7	0.002		0			
Anu_d	[?]	Ninurta_d	[?]	116	165	3	0.002		0			
Anu_d	[?]	Ištar_Arbail_d	[?]	116	111	2	0.002		0			
Anu_d	[?]	Mullissu_d	[?]	116	158	2	0.002		0			
Anu_d	[?]	Nisaba_d	[?]	116	27	1	0.002		0			
Anu_d	[?]	Šeruʾa_d	[?]	116	39	1	0.002		0			
Anu_d	[?]	Ashurnasirpal_II_RN	[?]	116	1662	4	0.001		0			
Anu_d	[?]	Bel_d	[?]	116	192	2	0.001		0			
Anu_d	[?]	Shalmaneser_III_RN	[?]	116	1935	3	0.001		0			
Anu_d	[?]	Zarpanitu_d	[?]	116	61	1	0.001		0			
Anu_d	[?]	Esarhaddon_RN	[?]	116	1506	4	0.001		0			
Anu_d	[?]	Sargon_II_RN	[?]	116	1915	6	0.001		0			
Anu_d	[?]	Nusku_d	[?]	116	87	1	0.001		0			
Anu_d	[?]	Ištar_Nineveh_d	[?]	116	114	1	0.001		0			
Anu_d	[?]	Sennacherib_RN	[?]	116	2798	1	0.0		0			
Anu_d	[?]	Ashurbanipal_RN	[?]	116	3438	1	0.0		0			
Anunnaki_d	[?]	Ea_d	[?]	31	127	5	0.009		0			
Anunnaki_d	[?]	Nergal_d	[?]	31	135	5	0.009		0			
Anunnaki_d	[?]	Nusku_d	[?]	31	87	4	0.009		0			
Anunnaki_d	[?]	Utulu_d	[?]	31	5	1	0.009		0			
Anunnaki_d	[?]	Enlil_d	[?]	31	322	7	0.008		0			
Anunnaki_d	[?]	Anu_d	[?]	31	116	4	0.007		0			
Anunnaki_d	[?]	Bel_d	[?]	31	192	2	0.003		0			
Anunnaki_d	[?]	Šeruʾa_d	[?]	31	39	1	0.003		0			
Anunnaki_d	[?]	Tašmetu_d	[?]	31	63	1	0.003		0			
Anunnaki_d	[?]	Ninurta_d	[?]	31	165	1	0.002		0			
Anunnaki_d	[?]	Šamaš_d	[?]	31	613	1	0.001		0			
Anunnaki_d	[?]	Ištar_d	[?]	31	326	1	0.001		0			
Anunnaki_d	[?]	Sin_d	[?]	31	315	1	0.001		0			
Anunnaki_d	[?]	Sennacherib_RN	[?]	31	2798	1	0.0		0			
Anunnaki_d	[?]	Ashurbanipal_RN	[?]	31	3438	1	0.0		0			
Anzu_d	[?]	Kittu_d	[?]	7	5	1	0.019		0			
Anzu_d	[?]	Ashurnasirpal_II_RN	[?]	7	1662	3	0.003		0			
Anzu_d	[?]	Ištar_d	[?]	7	326	1	0.002		0			
Anzu_d	[?]	Shalmaneser_III_RN	[?]	7	1935	1	0.001		0			
Asalluhi_d	[?]	Kusu_d	[?]	5	11	3	0.045		0			
Asalluhi_d	[?]	Belet-ili_d	[?]	5	47	3	0.022		0			
Asalluhi_d	[?]	Kusibanda_d	[?]	5	5	1	0.022		0			
Asalluhi_d	[?]	Ninkura_d	[?]	5	11	1	0.015		0			
Asalluhi_d	[?]	Ninagal_d	[?]	5	16	1	0.012		0			
Asalluhi_d	[?]	Esarhaddon_RN	[?]	5	1506	1	0.001		0			
Ashurbanipal_RN	[?]	Ashurbanipal_RN	[?]	3438	3438	2796	0.09		0			
Ashurbanipal_RN	[?]	Aššur_d	[?]	3438	1780	306	0.014		0			
Ashurbanipal_RN	[?]	Sin_d	[?]	3438	315	103	0.011		0			
Ashurbanipal_RN	[?]	Ištar_d	[?]	3438	326	99	0.01		0			
Ashurbanipal_RN	[?]	Bel_d	[?]	3438	192	49	0.007		0			
Ashurbanipal_RN	[?]	Nabu_d	[?]	3438	307	46	0.005		0			
Ashurbanipal_RN	[?]	Lamma-RA.BI_d	[?]	3438	7	7	0.005		0			
Ashurbanipal_RN	[?]	Mullissu_d	[?]	3438	158	33	0.005		0			
Ashurbanipal_RN	[?]	Marduk_d	[?]	3438	339	40	0.004		0			
Ashurbanipal_RN	[?]	Šamaš_d	[?]	3438	613	53	0.004		0			
Ashurbanipal_RN	[?]	Adad_d	[?]	3438	276	23	0.003		0			
Ashurbanipal_RN	[?]	Ištar_Arbail_d	[?]	3438	111	19	0.003		0			
Ashurbanipal_RN	[?]	Nanna_d	[?]	3438	9	4	0.003		0			
Ashurbanipal_RN	[?]	Nergal_d	[?]	3438	135	16	0.003		0			
Ashurbanipal_RN	[?]	Ištar_Nineveh_d	[?]	3438	114	17	0.003		0			
Ashurbanipal_RN	[?]	Ningal_d	[?]	3438	32	8	0.003		0			
Ashurbanipal_RN	[?]	Nusku_d	[?]	3438	87	17	0.003		0			
Ashurbanipal_RN	[?]	Kusibanda_d	[?]	3438	5	3	0.003		0			
Ashurbanipal_RN	[?]	Ea_d	[?]	3438	127	14	0.002		0			
Ashurbanipal_RN	[?]	Erra_d	[?]	3438	19	5	0.002		0			
Ashurbanipal_RN	[?]	Beltiya_d	[?]	3438	19	5	0.002		0			
Ashurbanipal_RN	[?]	Aya_d	[?]	3438	16	5	0.002		0			
Ashurbanipal_RN	[?]	Šarrat-Kidmuri_d	[?]	3438	26	5	0.002		0			
Ashurbanipal_RN	[?]	Nanaya_d	[?]	3438	32	5	0.002		0			
Ashurbanipal_RN	[?]	Kulla_d	[?]	3438	21	4	0.002		0			
Ashurbanipal_RN	[?]	Esarhaddon_RN	[?]	3438	1506	35	0.002		0			
Ashurbanipal_RN	[?]	Enlil_d	[?]	3438	322	10	0.001		0			
Ashurbanipal_RN	[?]	Anu_d	[?]	3438	116	5	0.001		0			
Ashurbanipal_RN	[?]	Nisaba_d	[?]	3438	27	2	0.001		0			
Ashurbanipal_RN	[?]	Ninagal_d	[?]	3438	16	3	0.001		0			
Ashurbanipal_RN	[?]	Ninurta_d	[?]	3438	165	8	0.001		0			
Ashurbanipal_RN	[?]	Belet-parṣi_d	[?]	3438	8	1	0.001		0			
Ashurbanipal_RN	[?]	Ištar-Aššuritu_d	[?]	3438	11	2	0.001		0			
Ashurbanipal_RN	[?]	Palil_d	[?]	3438	6	1	0.001		0			
Ashurbanipal_RN	[?]	Šeruʾa_d	[?]	3438	39	2	0.001		0			
Ashurbanipal_RN	[?]	Ištar-Uruk_d	[?]	3438	12	1	0.001		0			
Ashurbanipal_RN	[?]	Gula_d	[?]	3438	21	1	0.0		0			
Ashurbanipal_RN	[?]	Zarpanitu_d	[?]	3438	61	1	0.0		0			
Ashurbanipal_RN	[?]	Tašmetu_d	[?]	3438	63	1	0.0		0			
Ashurnasirpal_II_RN	[?]	Ashurnasirpal_II_RN	[?]	1662	1662	1717	0.115		0			
Ashurnasirpal_II_RN	[?]	Aššur_d	[?]	1662	1780	95	0.006		0			
Ashurnasirpal_II_RN	[?]	Enlil_d	[?]	1662	322	32	0.005		0			
Ashurnasirpal_II_RN	[?]	Ninurta_d	[?]	1662	165	25	0.005		0			
Ashurnasirpal_II_RN	[?]	Kidmuru_d	[?]	1662	6	4	0.004		0			
Ashurnasirpal_II_RN	[?]	Šamaš_d	[?]	1662	613	24	0.003		0			
Ashurnasirpal_II_RN	[?]	Anzu_d	[?]	1662	7	3	0.003		0			
Ashurnasirpal_II_RN	[?]	Sin_d	[?]	1662	315	15	0.002		0			
Ashurnasirpal_II_RN	[?]	Anu_d	[?]	1662	116	9	0.002		0			
Ashurnasirpal_II_RN	[?]	Ištar_d	[?]	1662	326	13	0.002		0			
Ashurnasirpal_II_RN	[?]	Adad_d	[?]	1662	276	14	0.002		0			
Ashurnasirpal_II_RN	[?]	Ištar_Nineveh_d	[?]	1662	114	6	0.002		0			
Ashurnasirpal_II_RN	[?]	Ea_d	[?]	1662	127	7	0.002		0			
Ashurnasirpal_II_RN	[?]	Šala_d	[?]	1662	12	2	0.002		0			
Ashurnasirpal_II_RN	[?]	Šarrat-nipha_d	[?]	1662	15	2	0.001		0			
Ashurnasirpal_II_RN	[?]	Gula_d	[?]	1662	21	2	0.001		0			
Ashurnasirpal_II_RN	[?]	Ea-šarru_d	[?]	1662	5	1	0.001		0			
Ashurnasirpal_II_RN	[?]	Damkina_d	[?]	1662	12	1	0.001		0			
Ashurnasirpal_II_RN	[?]	Nergal_d	[?]	1662	135	1	0.0		0			
Ashurnasirpal_II_RN	[?]	Shalmaneser_III_RN	[?]	1662	1935	1	0.0		0			
Atar-samayin_d	[?]	Ashurbanipal_RN	[?]	8	3438	8	0.005		0			
Aya_d	[?]	Šala_d	[?]	16	12	2	0.016		0			
Aya_d	[?]	Antu_d	[?]	16	14	2	0.015		0			
Aya_d	[?]	Belet-Nineveh_d	[?]	16	6	1	0.011		0			
Aya_d	[?]	Ištar-Bit-Kidmuri_d	[?]	16	8	1	0.01		0			
Aya_d	[?]	Haya_d	[?]	16	10	1	0.009		0			
Aya_d	[?]	Damkina_d	[?]	16	12	1	0.008		0			
Aya_d	[?]	Belet-ili_d	[?]	16	47	2	0.008		0			
Aya_d	[?]	Kusu_d	[?]	16	11	1	0.008		0			
Aya_d	[?]	Kippat-mati_d	[?]	16	15	1	0.007		0			
Aya_d	[?]	Zarpanitu_d	[?]	16	61	2	0.007		0			
Aya_d	[?]	Tašmetu_d	[?]	16	63	2	0.007		0			
Aya_d	[?]	Anu_d	[?]	16	116	2	0.005		0			
Aya_d	[?]	Ningal_d	[?]	16	32	1	0.005		0			
Aya_d	[?]	Ištar_Nineveh_d	[?]	16	114	2	0.005		0			
Aya_d	[?]	Ištar_Arbail_d	[?]	16	111	2	0.005		0			
Aya_d	[?]	Ashurbanipal_RN	[?]	16	3438	9	0.004		0			
Aya_d	[?]	Adad_d	[?]	16	276	2	0.003		0			
Aya_d	[?]	Marduk_d	[?]	16	339	2	0.003		0			
Aya_d	[?]	Nabu_d	[?]	16	307	2	0.003		0			
Aya_d	[?]	Ea_d	[?]	16	127	1	0.002		0			
Aya_d	[?]	Sin_d	[?]	16	315	1	0.002		0			
Aya_d	[?]	Sargon_II_RN	[?]	16	1915	1	0.001		0			
Aššur-dan_III_RN	[?]	Enlil_d	[?]	1	322	2	0.012		0			
Aššur-dan_III_RN	[?]	Aššur_d	[?]	1	1780	1	0.003		0			
Aššur-dan_II_RN	[?]	Aššur-dan_II_RN	[?]	112	112	154	0.153		0			
Aššur-dan_II_RN	[?]	Aššur_d	[?]	112	1780	22	0.005		0			
Aššur-dan_II_RN	[?]	Šamaš_d	[?]	112	613	2	0.001		0			
Aššur-dan_II_RN	[?]	Ninurta_d	[?]	112	165	1	0.001		0			
Aššur-dan_II_RN	[?]	Nergal_d	[?]	112	135	1	0.001		0			
Aššur-dan_II_RN	[?]	Enlil_d	[?]	112	322	2	0.001		0			
Aššur-etel-ilani_RN	[?]	Aššur_d	[?]	5	1780	1	0.001		0			
Aššur-nerari_V_RN	[?]	Aššur-nerari_V_RN	[?]	2	2	1	0.056		0			
Aššur-nerari_V_RN	[?]	Aššur_d	[?]	2	1780	2	0.004		0			
Aššur_d	[?]	Ištar_d	[?]	1780	326	192	0.028		0			
Aššur_d	[?]	Nabu_d	[?]	1780	307	179	0.027		0			
Aššur_d	[?]	Sin_d	[?]	1780	315	153	0.023		0			
Aššur_d	[?]	Bel_d	[?]	1780	192	119	0.023		0			
Aššur_d	[?]	Ištar_Nineveh_d	[?]	1780	114	90	0.022		0			
Aššur_d	[?]	Šamaš_d	[?]	1780	613	197	0.021		0			
Aššur_d	[?]	Mullissu_d	[?]	1780	158	100	0.021		0			
Aššur_d	[?]	Ištar_Arbail_d	[?]	1780	111	82	0.02		0			
Aššur_d	[?]	Marduk_d	[?]	1780	339	129	0.018		0			
Aššur_d	[?]	Adad_d	[?]	1780	276	87	0.014		0			
Aššur_d	[?]	Ninurta_d	[?]	1780	165	67	0.014		0			
Aššur_d	[?]	Ashurbanipal_RN	[?]	1780	3438	320	0.014		0			
Aššur_d	[?]	Ashurnasirpal_II_RN	[?]	1780	1662	179	0.012		0			
Aššur_d	[?]	Aššur_d	[?]	1780	1780	188	0.012		0			
Aššur_d	[?]	Enlil_d	[?]	1780	322	84	0.012		0			
Aššur_d	[?]	Aššur-dan_II_RN	[?]	1780	112	47	0.012		0			
Aššur_d	[?]	Anu_d	[?]	1780	116	46	0.011		0			
Aššur_d	[?]	Sennacherib_RN	[?]	1780	2798	216	0.011		0			
Aššur_d	[?]	Esarhaddon_RN	[?]	1780	1506	159	0.011		0			
Aššur_d	[?]	Šarrat-Kidmuri_d	[?]	1780	26	22	0.011		0			
Aššur_d	[?]	Sargon_II_RN	[?]	1780	1915	189	0.011		0			
Aššur_d	[?]	Nergal_d	[?]	1780	135	45	0.01		0			
Aššur_d	[?]	Shalmaneser_III_RN	[?]	1780	1935	147	0.009		0			
Aššur_d	[?]	Tiamat_d	[?]	1780	7	9	0.009		0			
Aššur_d	[?]	Nusku_d	[?]	1780	87	24	0.007		0			
Aššur_d	[?]	Dagan_d	[?]	1780	24	11	0.006		0			
Aššur_d	[?]	Tiglath-pileser_III_RN	[?]	1780	534	57	0.006		0			
Aššur_d	[?]	Šeruʾa_d	[?]	1780	39	14	0.006		0			
Aššur_d	[?]	Ištar-Bit-Kidmuri_d	[?]	1780	8	6	0.006		0			
Aššur_d	[?]	Igigi_d	[?]	1780	56	15	0.005		0			
Aššur_d	[?]	Zarpanitu_d	[?]	1780	61	16	0.005		0			
Aššur_d	[?]	Tašmetu_d	[?]	1780	63	16	0.005		0			
Aššur_d	[?]	Adad-nerari_III_RN	[?]	1780	70	12	0.004		0			
Aššur_d	[?]	Adad-nerari_II_RN	[?]	1780	205	24	0.004		0			
Aššur_d	[?]	Ningal_d	[?]	1780	32	8	0.004		0			
Aššur_d	[?]	Anunnaki_d	[?]	1780	31	7	0.003		0			
Aššur_d	[?]	Šarrat-nipha_d	[?]	1780	15	4	0.003		0			
Aššur_d	[?]	Belet-ili_d	[?]	1780	47	9	0.003		0			
Aššur_d	[?]	Kippat-mati_d	[?]	1780	15	4	0.003		0			
Aššur_d	[?]	Antu_d	[?]	1780	14	4	0.003		0			
Aššur_d	[?]	Ea_d	[?]	1780	127	12	0.003		0			
Aššur_d	[?]	Bel-agu_d	[?]	1780	6	3	0.003		0			
Aššur_d	[?]	Parak-šimati_d	[?]	1780	7	3	0.003		0			
Aššur_d	[?]	Ištar-Aššuritu_d	[?]	1780	11	3	0.002		0			
Aššur_d	[?]	Šamši-Adad_V_RN	[?]	1780	166	12	0.002		0			
Aššur_d	[?]	Gula_d	[?]	1780	21	4	0.002		0			
Aššur_d	[?]	Tukulti-Ninurta_II_RN	[?]	1780	179	9	0.002		0			
Aššur_d	[?]	Palil_d	[?]	1780	6	2	0.002		0			
Aššur_d	[?]	Kakka_d	[?]	1780	9	2	0.002		0			
Aššur_d	[?]	Belet-Arbail_d	[?]	1780	8	2	0.002		0			
Aššur_d	[?]	Erra_d	[?]	1780	19	2	0.001		0			
Aššur_d	[?]	Shalmaneser_IV_RN	[?]	1780	17	1	0.001		0			
Aššur_d	[?]	Aya_d	[?]	1780	16	2	0.001		0			
Aššur_d	[?]	Haya_d	[?]	1780	10	1	0.001		0			
Aššur_d	[?]	Beltiya_d	[?]	1780	19	2	0.001		0			
Aššur_d	[?]	Šarur_d	[?]	1780	6	1	0.001		0			
Aššur_d	[?]	Belet-parṣi_d	[?]	1780	8	1	0.001		0			
Aššur_d	[?]	Sin-šarru-iškun_RN	[?]	1780	138	6	0.001		0			
Aššur_d	[?]	Nisaba_d	[?]	1780	27	1	0.001		0			
Aššur_d	[?]	Šala_d	[?]	1780	12	1	0.001		0			
Aššur_d	[?]	Zababa_d	[?]	1780	7	1	0.001		0			
Aššur_d	[?]	Ea-šarru_d	[?]	1780	5	1	0.001		0			
Aššur_d	[?]	Nanaya_d	[?]	1780	32	1	0.0		0			
Bagbartu_d	[?]	Haldi_d	[?]	10	24	1	0.007		0			
Bagbartu_d	[?]	Sargon_II_RN	[?]	10	1915	3	0.002		0			
Bel-agu_d	[?]	Kippat-mati_d	[?]	6	15	2	0.023		0			
Bel-agu_d	[?]	Parak-šimati_d	[?]	6	7	1	0.017		0			
Bel-agu_d	[?]	Šeruʾa_d	[?]	6	39	2	0.015		0			
Bel-agu_d	[?]	Tašmetu_d	[?]	6	63	1	0.006		0			
Bel-agu_d	[?]	Sin_d	[?]	6	315	1	0.003		0			
Bel-agu_d	[?]	Šamaš_d	[?]	6	613	1	0.002		0			
Bel-agu_d	[?]	Aššur_d	[?]	6	1780	1	0.001		0			
Bel_d	[?]	Nabu_d	[?]	192	307	130	0.059		0			
Bel_d	[?]	Ištar_Arbail_d	[?]	192	111	67	0.051		0			
Bel_d	[?]	Ištar_Nineveh_d	[?]	192	114	66	0.05		0			
Bel_d	[?]	Nergal_d	[?]	192	135	60	0.041		0			
Bel_d	[?]	Beltiya_d	[?]	192	19	19	0.035		0			
Bel_d	[?]	Nusku_d	[?]	192	87	38	0.033		0			
Bel_d	[?]	Šarrat-Kidmuri_d	[?]	192	26	21	0.033		0			
Bel_d	[?]	Ninurta_d	[?]	192	165	41	0.026		0			
Bel_d	[?]	Belet-Babili_d	[?]	192	7	5	0.015		0			
Bel_d	[?]	Zarpanitu_d	[?]	192	61	14	0.014		0			
Bel_d	[?]	Tašmetu_d	[?]	192	63	11	0.011		0			
Bel_d	[?]	Ashurbanipal_RN	[?]	192	3438	82	0.011		0			
Bel_d	[?]	Laṣ_d	[?]	192	6	3	0.01		0			
Bel_d	[?]	Madanu_d	[?]	192	10	4	0.01		0			
Bel_d	[?]	Bel_d	[?]	192	192	12	0.007		0			
Bel_d	[?]	Marduk_d	[?]	192	339	11	0.005		0			
Bel_d	[?]	Ea_d	[?]	192	127	6	0.004		0			
Bel_d	[?]	Esarhaddon_RN	[?]	192	1506	21	0.004		0			
Bel_d	[?]	Erra_d	[?]	192	19	2	0.004		0			
Bel_d	[?]	Belet-parṣi_d	[?]	192	8	1	0.003		0			
Bel_d	[?]	Belet-Arbail_d	[?]	192	8	1	0.003		0			
Bel_d	[?]	Tiglath-pileser_III_RN	[?]	192	534	5	0.002		0			
Bel_d	[?]	Sin_d	[?]	192	315	5	0.002		0			
Bel_d	[?]	Šamaš_d	[?]	192	613	6	0.002		0			
Bel_d	[?]	Gula_d	[?]	192	21	1	0.002		0			
Bel_d	[?]	Enlil_d	[?]	192	322	2	0.001		0			
Bel_d	[?]	Igigi_d	[?]	192	56	1	0.001		0			
Bel_d	[?]	Anunnaki_d	[?]	192	31	1	0.001		0			
Bel_d	[?]	Anu_d	[?]	192	116	1	0.001		0			
Bel_d	[?]	Nanaya_d	[?]	192	32	1	0.001		0			
Bel_d	[?]	Sennacherib_RN	[?]	192	2798	5	0.001		0			
Bel_d	[?]	Ištar_d	[?]	192	326	3	0.001		0			
Bel_d	[?]	Mullissu_d	[?]	192	158	1	0.001		0			
Bel_d	[?]	Sin-šarru-iškun_RN	[?]	192	138	2	0.001		0			
Bel_d	[?]	Ningal_d	[?]	192	32	1	0.001		0			
Bel_d	[?]	Sargon_II_RN	[?]	192	1915	6	0.001		0			
Bel_d	[?]	Belet-ili_d	[?]	192	47	1	0.001		0			
Bel_d	[?]	Aššur_d	[?]	192	1780	2	0.0		0			
Belet-Arbail_d	[?]	Ashurbanipal_RN	[?]	8	3438	4	0.003		0			
Belet-Babili_d	[?]	Madanu_d	[?]	7	10	5	0.066		0			
Belet-Babili_d	[?]	Ea_d	[?]	7	127	5	0.019		0			
Belet-Babili_d	[?]	Ashurbanipal_RN	[?]	7	3438	1	0.001		0			
Belet-Nineveh_d	[?]	Belet-Arbail_d	[?]	6	8	2	0.032		0			
Belet-Nineveh_d	[?]	Šarrat-eqi_d	[?]	6	5	1	0.02		0			
Belet-Nineveh_d	[?]	Belet-ili_d	[?]	6	47	1	0.007		0			
Belet-Nineveh_d	[?]	Sargon_II_RN	[?]	6	1915	1	0.001		0			
Belet-ekalli_d	[?]	Tišpak_d	[?]	6	5	2	0.041		0			
Belet-ekalli_d	[?]	Belet-ekalli_d	[?]	6	6	2	0.037		0			
Belet-ekalli_d	[?]	Šimati_d	[?]	6	5	1	0.02		0			
Belet-ekalli_d	[?]	Šarrat-eqi_d	[?]	6	5	1	0.02		0			
Belet-ekalli_d	[?]	Šeruʾa_d	[?]	6	39	2	0.015		0			
Belet-ekalli_d	[?]	Gula_d	[?]	6	21	1	0.01		0			
Belet-ekalli_d	[?]	Anu_d	[?]	6	116	2	0.008		0			
Belet-ekalli_d	[?]	Ea_d	[?]	6	127	2	0.008		0			
Belet-ekalli_d	[?]	Sin_d	[?]	6	315	2	0.005		0			
Belet-ekalli_d	[?]	Marduk_d	[?]	6	339	1	0.002		0			
Belet-ekalli_d	[?]	Šamaš_d	[?]	6	613	1	0.002		0			
Belet-ili_d	[?]	Kusu_d	[?]	47	11	8	0.039		0			
Belet-ili_d	[?]	Haya_d	[?]	47	10	5	0.026		0			
Belet-ili_d	[?]	Damkina_d	[?]	47	12	4	0.019		0			
Belet-ili_d	[?]	Kakka_d	[?]	47	9	3	0.016		0			
Belet-ili_d	[?]	Šakkan_d	[?]	47	6	2	0.013		0			
Belet-ili_d	[?]	Belet-ili_d	[?]	47	47	5	0.012		0			
Belet-ili_d	[?]	Kusibanda_d	[?]	47	5	1	0.007		0			
Belet-ili_d	[?]	Šarrat-eqi_d	[?]	47	5	1	0.007		0			
Belet-ili_d	[?]	Ištar-Bit-Kidmuri_d	[?]	47	8	1	0.006		0			
Belet-ili_d	[?]	Ninurta_d	[?]	47	165	5	0.006		0			
Belet-ili_d	[?]	Ea_d	[?]	47	127	4	0.006		0			
Belet-ili_d	[?]	Amurru_d	[?]	47	8	1	0.006		0			
Belet-ili_d	[?]	Ninkura_d	[?]	47	11	1	0.005		0			
Belet-ili_d	[?]	Madanu_d	[?]	47	10	1	0.005		0			
Belet-ili_d	[?]	Ninagal_d	[?]	47	16	1	0.004		0			
Belet-ili_d	[?]	Aššur_d	[?]	47	1780	7	0.003		0			
Belet-ili_d	[?]	Sin_d	[?]	47	315	3	0.003		0			
Belet-ili_d	[?]	Ištar_Nineveh_d	[?]	47	114	2	0.003		0			
Belet-ili_d	[?]	Ištar_Arbail_d	[?]	47	111	2	0.003		0			
Belet-ili_d	[?]	Nergal_d	[?]	47	135	2	0.003		0			
Belet-ili_d	[?]	Šeruʾa_d	[?]	47	39	1	0.003		0			
Belet-ili_d	[?]	Sennacherib_RN	[?]	47	2798	5	0.002		0			
Belet-ili_d	[?]	Adad_d	[?]	47	276	2	0.002		0			
Belet-ili_d	[?]	Marduk_d	[?]	47	339	2	0.002		0			
Belet-ili_d	[?]	Zarpanitu_d	[?]	47	61	1	0.002		0			
Belet-ili_d	[?]	Sargon_II_RN	[?]	47	1915	5	0.002		0			
Belet-ili_d	[?]	Nusku_d	[?]	47	87	1	0.002		0			
Belet-ili_d	[?]	Šamaš_d	[?]	47	613	2	0.001		0			
Belet-ili_d	[?]	Nabu_d	[?]	47	307	1	0.001		0			
Belet-ili_d	[?]	Mullissu_d	[?]	47	158	1	0.001		0			
Belet-ili_d	[?]	Ištar_d	[?]	47	326	1	0.001		0			
Belet-ili_d	[?]	Esarhaddon_RN	[?]	47	1506	1	0.0		0			
Belet-parṣi_d	[?]	Šimati_d	[?]	8	5	1	0.018		0			
Belet-parṣi_d	[?]	Damkina_d	[?]	8	12	1	0.011		0			
Belet-parṣi_d	[?]	Šamši-Adad_V_RN	[?]	8	166	3	0.009		0			
Belet-parṣi_d	[?]	Adad-nerari_III_RN	[?]	8	70	2	0.009		0			
Belet-parṣi_d	[?]	Nusku_d	[?]	8	87	1	0.004		0			
Belet-parṣi_d	[?]	Ninurta_d	[?]	8	165	1	0.003		0			
Belet-parṣi_d	[?]	Nergal_d	[?]	8	135	1	0.003		0			
Belet-parṣi_d	[?]	Ea_d	[?]	8	127	1	0.003		0			
Belet-parṣi_d	[?]	Enlil_d	[?]	8	322	1	0.002		0			
Belet-parṣi_d	[?]	Aššur_d	[?]	8	1780	2	0.002		0			
Beltiya_d	[?]	Belet-Babili_d	[?]	19	7	5	0.048		0			
Beltiya_d	[?]	Madanu_d	[?]	19	10	4	0.032		0			
Beltiya_d	[?]	Ea_d	[?]	19	127	4	0.009		0			
Beltiya_d	[?]	Ištar_Nineveh_d	[?]	19	114	2	0.005		0			
Beltiya_d	[?]	Ištar_Arbail_d	[?]	19	111	2	0.005		0			
Beltiya_d	[?]	Nabu_d	[?]	19	307	2	0.003		0			
Beltiya_d	[?]	Tašmetu_d	[?]	19	63	1	0.003		0			
Beltiya_d	[?]	Esarhaddon_RN	[?]	19	1506	2	0.001		0			
Dagan_d	[?]	Dayyanu_d	[?]	24	5	1	0.01		0			
Dagan_d	[?]	Šakkan_d	[?]	24	6	1	0.009		0			
Dagan_d	[?]	Belet-ili_d	[?]	24	47	2	0.007		0			
Dagan_d	[?]	Enlil_d	[?]	24	322	2	0.003		0			
Dagan_d	[?]	Aššur_d	[?]	24	1780	1	0.001		0			
Dagan_d	[?]	Sin_d	[?]	24	315	1	0.001		0			
Dagan_d	[?]	Šamaš_d	[?]	24	613	1	0.001		0			
Damkina_d	[?]	Kakka_d	[?]	12	9	2	0.021		0			
Damkina_d	[?]	Šala_d	[?]	12	12	2	0.019		0			
Damkina_d	[?]	Gula_d	[?]	12	21	2	0.014		0			
Damkina_d	[?]	Šimati_d	[?]	12	5	1	0.014		0			
Damkina_d	[?]	Ninurta_d	[?]	12	165	5	0.012		0			
Damkina_d	[?]	Amurru_d	[?]	12	8	1	0.011		0			
Damkina_d	[?]	Haya_d	[?]	12	10	1	0.01		0			
Damkina_d	[?]	Kusu_d	[?]	12	11	1	0.01		0			
Damkina_d	[?]	Madanu_d	[?]	12	10	1	0.01		0			
Damkina_d	[?]	Nergal_d	[?]	12	135	2	0.006		0			
Damkina_d	[?]	Belet-ili_d	[?]	12	47	1	0.005		0			
Damkina_d	[?]	Adad_d	[?]	12	276	2	0.004		0			
Damkina_d	[?]	Sin_d	[?]	12	315	2	0.004		0			
Damkina_d	[?]	Nabu_d	[?]	12	307	2	0.004		0			
Damkina_d	[?]	Marduk_d	[?]	12	339	2	0.003		0			
Damkina_d	[?]	Nusku_d	[?]	12	87	1	0.003		0			
Damkina_d	[?]	Ea_d	[?]	12	127	1	0.003		0			
Damkina_d	[?]	Aššur_d	[?]	12	1780	1	0.001		0			
Damkina_d	[?]	Sargon_II_RN	[?]	12	1915	1	0.001		0			
Dayyanu_d	[?]	Šakkan_d	[?]	5	6	2	0.041		0			
Dayyanu_d	[?]	Belet-ili_d	[?]	5	47	2	0.014		0			
Ea-šarru_d	[?]	Damkina_d	[?]	5	12	3	0.043		0			
Ea-šarru_d	[?]	Šala_d	[?]	5	12	1	0.014		0			
Ea-šarru_d	[?]	Gula_d	[?]	5	21	1	0.011		0			
Ea-šarru_d	[?]	Adad_d	[?]	5	276	3	0.009		0			
Ea-šarru_d	[?]	Belet-ili_d	[?]	5	47	1	0.007		0			
Ea-šarru_d	[?]	Sin_d	[?]	5	315	2	0.006		0			
Ea-šarru_d	[?]	Šamaš_d	[?]	5	613	1	0.002		0			
Ea-šarru_d	[?]	Ashurnasirpal_II_RN	[?]	5	1662	1	0.001		0			
Ea_d	[?]	Belet-ili_d	[?]	127	47	21	0.03		0			
Ea_d	[?]	Damkina_d	[?]	127	12	8	0.023		0			
Ea_d	[?]	Madanu_d	[?]	127	10	6	0.019		0			
Ea_d	[?]	Asalluhi_d	[?]	127	5	4	0.018		0			
Ea_d	[?]	Kippat-mati_d	[?]	127	15	7	0.018		0			
Ea_d	[?]	Sin_d	[?]	127	315	29	0.016		0			
Ea_d	[?]	Kusu_d	[?]	127	11	5	0.015		0			
Ea_d	[?]	Ninurta_d	[?]	127	165	17	0.013		0			
Ea_d	[?]	Kakka_d	[?]	127	9	4	0.013		0			
Ea_d	[?]	Adad_d	[?]	127	276	21	0.012		0			
Ea_d	[?]	Šamaš_d	[?]	127	613	25	0.01		0			
Ea_d	[?]	Kittu_d	[?]	127	5	2	0.009		0			
Ea_d	[?]	Ea_d	[?]	127	127	9	0.008		0			
Ea_d	[?]	Šakkan_d	[?]	127	6	2	0.008		0			
Ea_d	[?]	Uraš_d	[?]	127	8	2	0.007		0			
Ea_d	[?]	Šala_d	[?]	127	12	2	0.006		0			
Ea_d	[?]	Nabu_d	[?]	127	307	11	0.006		0			
Ea_d	[?]	Haya_d	[?]	127	10	2	0.006		0			
Ea_d	[?]	Ištar_Nineveh_d	[?]	127	114	6	0.006		0			
Ea_d	[?]	Enlil_d	[?]	127	322	10	0.005		0			
Ea_d	[?]	Nergal_d	[?]	127	135	6	0.005		0			
Ea_d	[?]	Sebettu_d	[?]	127	13	2	0.005		0			
Ea_d	[?]	Ningal_d	[?]	127	32	3	0.005		0			
Ea_d	[?]	Nusku_d	[?]	127	87	5	0.005		0			
Ea_d	[?]	Šarrat-nipha_d	[?]	127	15	2	0.005		0			
Ea_d	[?]	Marduk_d	[?]	127	339	8	0.004		0			
Ea_d	[?]	Kusibanda_d	[?]	127	5	1	0.004		0			
Ea_d	[?]	Gula_d	[?]	127	21	2	0.004		0			
Ea_d	[?]	Šimati_d	[?]	127	5	1	0.004		0			
Ea_d	[?]	Kutatati_d	[?]	127	6	1	0.004		0			
Ea_d	[?]	Parak-šimati_d	[?]	127	7	1	0.004		0			
Ea_d	[?]	Belet-ekalli_d	[?]	127	6	1	0.004		0			
Ea_d	[?]	Ištar_d	[?]	127	326	6	0.003		0			
Ea_d	[?]	Ninkura_d	[?]	127	11	1	0.003		0			
Ea_d	[?]	Ninšiku_d	[?]	127	14	1	0.003		0			
Ea_d	[?]	Amurru_d	[?]	127	8	1	0.003		0			
Ea_d	[?]	Antu_d	[?]	127	14	1	0.003		0			
Ea_d	[?]	Aššur_d	[?]	127	1780	7	0.002		0			
Ea_d	[?]	Esarhaddon_RN	[?]	127	1506	6	0.002		0			
Ea_d	[?]	Ninagal_d	[?]	127	16	1	0.002		0			
Ea_d	[?]	Sargon_II_RN	[?]	127	1915	9	0.002		0			
Ea_d	[?]	Mullissu_d	[?]	127	158	3	0.002		0			
Ea_d	[?]	Ištar_Arbail_d	[?]	127	111	2	0.002		0			
Ea_d	[?]	Ashurnasirpal_II_RN	[?]	127	1662	5	0.001		0			
Ea_d	[?]	Sennacherib_RN	[?]	127	2798	8	0.001		0			
Ea_d	[?]	Zarpanitu_d	[?]	127	61	1	0.001		0			
Ea_d	[?]	Ashurbanipal_RN	[?]	127	3438	6	0.001		0			
Ea_d	[?]	Anu_d	[?]	127	116	1	0.001		0			
Enlil_d	[?]	Aššur_d	[?]	322	1780	162	0.024		0			
Enlil_d	[?]	Enlil_d	[?]	322	322	64	0.022		0			
Enlil_d	[?]	Dagan_d	[?]	322	24	13	0.016		0			
Enlil_d	[?]	Ea_d	[?]	322	127	27	0.015		0			
Enlil_d	[?]	Anu_d	[?]	322	116	20	0.011		0			
Enlil_d	[?]	Kippat-mati_d	[?]	322	15	6	0.01		0			
Enlil_d	[?]	Ninurta_d	[?]	322	165	18	0.009		0			
Enlil_d	[?]	Mullissu_d	[?]	322	158	19	0.009		0			
Enlil_d	[?]	Ea-šarru_d	[?]	322	5	3	0.008		0			
Enlil_d	[?]	Marduk_d	[?]	322	339	25	0.008		0			
Enlil_d	[?]	Nergal_d	[?]	322	135	9	0.005		0			
Enlil_d	[?]	Šamaš_d	[?]	322	613	19	0.005		0			
Enlil_d	[?]	Damkina_d	[?]	322	12	3	0.005		0			
Enlil_d	[?]	Adad_d	[?]	322	276	13	0.005		0			
Enlil_d	[?]	Ištar_Nineveh_d	[?]	322	114	8	0.005		0			
Enlil_d	[?]	Nabu_d	[?]	322	307	14	0.005		0			
Enlil_d	[?]	Sin_d	[?]	322	315	13	0.005		0			
Enlil_d	[?]	Šarrat-nipha_d	[?]	322	15	3	0.005		0			
Enlil_d	[?]	Belet-ekalli_d	[?]	322	6	2	0.005		0			
Enlil_d	[?]	Belet-ili_d	[?]	322	47	4	0.004		0			
Enlil_d	[?]	Ištar_d	[?]	322	326	9	0.003		0			
Enlil_d	[?]	Kidmuru_d	[?]	322	6	1	0.003		0			
Enlil_d	[?]	Nusku_d	[?]	322	87	5	0.003		0			
Enlil_d	[?]	Aššur-etel-ilani_RN	[?]	322	5	1	0.003		0			
Enlil_d	[?]	Adad-nerari_III_RN	[?]	322	70	4	0.003		0			
Enlil_d	[?]	Dayyanu_d	[?]	322	5	1	0.003		0			
Enlil_d	[?]	Šakkan_d	[?]	322	6	1	0.003		0			
Enlil_d	[?]	Aššur-dan_II_RN	[?]	322	112	3	0.002		0			
Enlil_d	[?]	Igigi_d	[?]	322	56	3	0.002		0			
Enlil_d	[?]	Sebettu_d	[?]	322	13	1	0.002		0			
Enlil_d	[?]	Zarpanitu_d	[?]	322	61	2	0.002		0			
Enlil_d	[?]	Esarhaddon_RN	[?]	322	1506	15	0.002		0			
Enlil_d	[?]	Bel_d	[?]	322	192	5	0.002		0			
Enlil_d	[?]	Ashurbanipal_RN	[?]	322	3438	18	0.002		0			
Enlil_d	[?]	Belet-Babili_d	[?]	322	7	1	0.002		0			
Enlil_d	[?]	Sin-šarru-iškun_RN	[?]	322	138	3	0.002		0			
Enlil_d	[?]	Sargon_II_RN	[?]	322	1915	13	0.002		0			
Enlil_d	[?]	Ninšiku_d	[?]	322	14	1	0.002		0			
Enlil_d	[?]	Nudimmud_d	[?]	322	14	1	0.002		0			
Enlil_d	[?]	Uraš_d	[?]	322	8	1	0.002		0			
Enlil_d	[?]	Kakka_d	[?]	322	9	1	0.002		0			
Enlil_d	[?]	Šala_d	[?]	322	12	1	0.002		0			
Enlil_d	[?]	Ištar-Aššuritu_d	[?]	322	11	1	0.002		0			
Enlil_d	[?]	Zababa_d	[?]	322	7	1	0.002		0			
Enlil_d	[?]	Ashurnasirpal_II_RN	[?]	322	1662	7	0.001		0			
Enlil_d	[?]	Shalmaneser_III_RN	[?]	322	1935	8	0.001		0			
Enlil_d	[?]	Tiglath-pileser_III_RN	[?]	322	534	2	0.001		0			
Enlil_d	[?]	Sennacherib_RN	[?]	322	2798	8	0.001		0			
Enlil_d	[?]	Ištar_Arbail_d	[?]	322	111	2	0.001		0			
Enlil_d	[?]	Beltiya_d	[?]	322	19	1	0.001		0			
Enlil_d	[?]	Šamši-Adad_V_RN	[?]	322	166	2	0.001		0			
Erra_d	[?]	Nanna_d	[?]	19	9	2	0.017		0			
Erra_d	[?]	Nergal_d	[?]	19	135	5	0.011		0			
Erra_d	[?]	Ashurbanipal_RN	[?]	19	3438	6	0.003		0			
Erra_d	[?]	Ninurta_d	[?]	19	165	1	0.002		0			
Erra_d	[?]	Shalmaneser_III_RN	[?]	19	1935	1	0.001		0			
Erra_d	[?]	Sennacherib_RN	[?]	19	2798	3	0.001		0			
Erra_d	[?]	Sin_d	[?]	19	315	1	0.001		0			
Esarhaddon_RN	[?]	Esarhaddon_RN	[?]	1506	1506	1091	0.08		0			
Esarhaddon_RN	[?]	Aššur_d	[?]	1506	1780	117	0.008		0			
Esarhaddon_RN	[?]	Marduk_d	[?]	1506	339	42	0.007		0			
Esarhaddon_RN	[?]	Šamaš_d	[?]	1506	613	54	0.006		0			
Esarhaddon_RN	[?]	Nabu_d	[?]	1506	307	35	0.006		0			
Esarhaddon_RN	[?]	Atar-samayin_d	[?]	1506	8	6	0.006		0			
Esarhaddon_RN	[?]	Laṣ_d	[?]	1506	6	5	0.006		0			
Esarhaddon_RN	[?]	Sin_d	[?]	1506	315	30	0.005		0			
Esarhaddon_RN	[?]	Bel_d	[?]	1506	192	23	0.005		0			
Esarhaddon_RN	[?]	Nanaya_d	[?]	1506	32	9	0.005		0			
Esarhaddon_RN	[?]	Adad_d	[?]	1506	276	16	0.003		0			
Esarhaddon_RN	[?]	Nergal_d	[?]	1506	135	14	0.003		0			
Esarhaddon_RN	[?]	Nisaba_d	[?]	1506	27	5	0.003		0			
Esarhaddon_RN	[?]	Ištar-Uruk_d	[?]	1506	12	4	0.003		0			
Esarhaddon_RN	[?]	Ištar_Nineveh_d	[?]	1506	114	9	0.002		0			
Esarhaddon_RN	[?]	Ištar_d	[?]	1506	326	11	0.002		0			
Esarhaddon_RN	[?]	Enlil_d	[?]	1506	322	15	0.002		0			
Esarhaddon_RN	[?]	Zarpanitu_d	[?]	1506	61	6	0.002		0			
Esarhaddon_RN	[?]	Kulla_d	[?]	1506	21	3	0.002		0			
Esarhaddon_RN	[?]	Ea_d	[?]	1506	127	3	0.001		0			
Esarhaddon_RN	[?]	Ištar_Arbail_d	[?]	1506	111	4	0.001		0			
Esarhaddon_RN	[?]	Šarur_d	[?]	1506	6	1	0.001		0			
Esarhaddon_RN	[?]	Ningal_d	[?]	1506	32	1	0.001		0			
Esarhaddon_RN	[?]	Aya_d	[?]	1506	16	1	0.001		0			
Esarhaddon_RN	[?]	Ninurta_d	[?]	1506	165	5	0.001		0			
Esarhaddon_RN	[?]	Gula_d	[?]	1506	21	1	0.001		0			
Esarhaddon_RN	[?]	Anu_d	[?]	1506	116	4	0.001		0			
Esarhaddon_RN	[?]	Dagan_d	[?]	1506	24	1	0.001		0			
Esarhaddon_RN	[?]	Igigi_d	[?]	1506	56	2	0.001		0			
Esarhaddon_RN	[?]	Ashurbanipal_RN	[?]	1506	3438	11	0.001		0			
Esarhaddon_RN	[?]	Mullissu_d	[?]	1506	158	2	0.0		0			
Esarhaddon_RN	[?]	Šeruʾa_d	[?]	1506	39	1	0.0		0			
Esarhaddon_RN	[?]	Tašmetu_d	[?]	1506	63	1	0.0		0			
Girra_d	[?]	Adad-nerari_II_RN	[?]	8	205	4	0.011		0			
Girra_d	[?]	Shalmaneser_III_RN	[?]	8	1935	1	0.001		0			
Girra_d	[?]	Ashurbanipal_RN	[?]	8	3438	2	0.001		0			
Gula_d	[?]	Šarrat-nipha_d	[?]	21	15	2	0.013		0			
Gula_d	[?]	Ea-šarru_d	[?]	21	5	1	0.011		0			
Gula_d	[?]	Šarrat-eqi_d	[?]	21	5	1	0.011		0			
Gula_d	[?]	Šimati_d	[?]	21	5	1	0.011		0			
Gula_d	[?]	Uraš_d	[?]	21	8	1	0.009		0			
Gula_d	[?]	Sebettu_d	[?]	21	13	1	0.007		0			
Gula_d	[?]	Adad-nerari_II_RN	[?]	21	205	3	0.005		0			
Gula_d	[?]	Gula_d	[?]	21	21	1	0.005		0			
Gula_d	[?]	Sin_d	[?]	21	315	3	0.004		0			
Gula_d	[?]	Adad_d	[?]	21	276	2	0.003		0			
Gula_d	[?]	Adad-nerari_III_RN	[?]	21	70	1	0.003		0			
Gula_d	[?]	Nusku_d	[?]	21	87	1	0.003		0			
Gula_d	[?]	Ashurnasirpal_II_RN	[?]	21	1662	3	0.002		0			
Gula_d	[?]	Aššur_d	[?]	21	1780	3	0.002		0			
Gula_d	[?]	Nergal_d	[?]	21	135	1	0.002		0			
Gula_d	[?]	Ištar_Nineveh_d	[?]	21	114	1	0.002		0			
Gula_d	[?]	Ištar_Arbail_d	[?]	21	111	1	0.002		0			
Gula_d	[?]	Mullissu_d	[?]	21	158	1	0.002		0			
Gula_d	[?]	Nabu_d	[?]	21	307	1	0.001		0			
Gula_d	[?]	Esarhaddon_RN	[?]	21	1506	2	0.001		0			
Gula_d	[?]	Šamaš_d	[?]	21	613	1	0.001		0			
Gula_d	[?]	Ashurbanipal_RN	[?]	21	3438	2	0.001		0			
Gula_d	[?]	Ištar_d	[?]	21	326	1	0.001		0			
Haldi_d	[?]	Bagbartu_d	[?]	24	10	11	0.079		0			
Haldi_d	[?]	Haldi_d	[?]	24	24	2	0.009		0			
Haldi_d	[?]	Sargon_II_RN	[?]	24	1915	11	0.006		0			
Haya_d	[?]	Kusu_d	[?]	10	11	6	0.064		0			
Haya_d	[?]	Tišpak_d	[?]	10	5	2	0.031		0			
Haya_d	[?]	Kittu_d	[?]	10	5	1	0.016		0			
Haya_d	[?]	Kakka_d	[?]	10	9	1	0.012		0			
Haya_d	[?]	Madanu_d	[?]	10	10	1	0.011		0			
Haya_d	[?]	Sebettu_d	[?]	10	13	1	0.01		0			
Haya_d	[?]	Nusku_d	[?]	10	87	1	0.004		0			
Haya_d	[?]	Mullissu_d	[?]	10	158	1	0.003		0			
Haya_d	[?]	Ninurta_d	[?]	10	165	1	0.003		0			
Haya_d	[?]	Sennacherib_RN	[?]	10	2798	3	0.002		0			
Haya_d	[?]	Aššur_d	[?]	10	1780	1	0.001		0			
Igigi_d	[?]	Anunnaki_d	[?]	56	31	29	0.077		0			
Igigi_d	[?]	Igigi_d	[?]	56	56	4	0.008		0			
Igigi_d	[?]	Enlil_d	[?]	56	322	7	0.006		0			
Igigi_d	[?]	Nergal_d	[?]	56	135	5	0.006		0			
Igigi_d	[?]	Nusku_d	[?]	56	87	4	0.006		0			
Igigi_d	[?]	Šakkan_d	[?]	56	6	1	0.006		0			
Igigi_d	[?]	Haya_d	[?]	56	10	1	0.005		0			
Igigi_d	[?]	Anu_d	[?]	56	116	3	0.004		0			
Igigi_d	[?]	Kusu_d	[?]	56	11	1	0.004		0			
Igigi_d	[?]	Ea_d	[?]	56	127	2	0.003		0			
Igigi_d	[?]	Bel_d	[?]	56	192	2	0.002		0			
Igigi_d	[?]	Ninurta_d	[?]	56	165	2	0.002		0			
Igigi_d	[?]	Sennacherib_RN	[?]	56	2798	8	0.002		0			
Igigi_d	[?]	Šeruʾa_d	[?]	56	39	1	0.002		0			
Igigi_d	[?]	Šamaš_d	[?]	56	613	1	0.001		0			
Igigi_d	[?]	Ištar_d	[?]	56	326	1	0.001		0			
Igigi_d	[?]	Sin_d	[?]	56	315	1	0.001		0			
Igigi_d	[?]	Ashurbanipal_RN	[?]	56	3438	1	0.0		0			
Ištar-Aššuritu_d	[?]	Šimati_d	[?]	11	5	1	0.015		0			
Ištar-Aššuritu_d	[?]	Šarrat-eqi_d	[?]	11	5	1	0.015		0			
Ištar-Aššuritu_d	[?]	Kutatati_d	[?]	11	6	1	0.014		0			
Ištar-Aššuritu_d	[?]	Belet-ekalli_d	[?]	11	6	1	0.014		0			
Ištar-Aššuritu_d	[?]	Zababa_d	[?]	11	7	1	0.013		0			
Ištar-Aššuritu_d	[?]	Sin-šarru-iškun_RN	[?]	11	138	4	0.011		0			
Ištar-Aššuritu_d	[?]	Kakka_d	[?]	11	9	1	0.011		0			
Ištar-Aššuritu_d	[?]	Damkina_d	[?]	11	12	1	0.01		0			
Ištar-Aššuritu_d	[?]	Anunnaki_d	[?]	11	31	1	0.006		0			
Ištar-Aššuritu_d	[?]	Belet-ili_d	[?]	11	47	1	0.005		0			
Ištar-Aššuritu_d	[?]	Tašmetu_d	[?]	11	63	1	0.004		0			
Ištar-Aššuritu_d	[?]	Igigi_d	[?]	11	56	1	0.004		0			
Ištar-Aššuritu_d	[?]	Ea_d	[?]	11	127	1	0.003		0			
Ištar-Aššuritu_d	[?]	Ninurta_d	[?]	11	165	1	0.003		0			
Ištar-Aššuritu_d	[?]	Nergal_d	[?]	11	135	1	0.003		0			
Ištar-Aššuritu_d	[?]	Aššur_d	[?]	11	1780	2	0.002		0			
Ištar-Aššuritu_d	[?]	Ištar_d	[?]	11	326	1	0.002		0			
Ištar-Aššuritu_d	[?]	Marduk_d	[?]	11	339	1	0.002		0			
Ištar-Aššuritu_d	[?]	Ashurbanipal_RN	[?]	11	3438	2	0.001		0			
Ištar-Bit-Kidmuri_d	[?]	Belet-ili_d	[?]	8	47	5	0.029		0			
Ištar-Bit-Kidmuri_d	[?]	Haya_d	[?]	8	10	2	0.025		0			
Ištar-Bit-Kidmuri_d	[?]	Kusu_d	[?]	8	11	2	0.024		0			
Ištar-Bit-Kidmuri_d	[?]	Kakka_d	[?]	8	9	1	0.013		0			
Ištar-Bit-Kidmuri_d	[?]	Ištar_Arbail_d	[?]	8	111	1	0.004		0			
Ištar-Bit-Kidmuri_d	[?]	Nusku_d	[?]	8	87	1	0.004		0			
Ištar-Bit-Kidmuri_d	[?]	Ninurta_d	[?]	8	165	1	0.003		0			
Ištar-Bit-Kidmuri_d	[?]	Nergal_d	[?]	8	135	1	0.003		0			
Ištar-Bit-Kidmuri_d	[?]	Aššur_d	[?]	8	1780	1	0.001		0			
Ištar-Bit-Kidmuri_d	[?]	Sennacherib_RN	[?]	8	2798	1	0.001		0			
Ištar-Uruk_d	[?]	Esarhaddon_RN	[?]	12	1506	4	0.003		0			
Ištar-Uruk_d	[?]	Ashurbanipal_RN	[?]	12	3438	3	0.002		0			
Ištar_Arbail_d	[?]	Nusku_d	[?]	111	87	37	0.042		0			
Ištar_Arbail_d	[?]	Nergal_d	[?]	111	135	42	0.038		0			
Ištar_Arbail_d	[?]	Ninurta_d	[?]	111	165	38	0.031		0			
Ištar_Arbail_d	[?]	Ashurbanipal_RN	[?]	111	3438	63	0.011		0			
Ištar_Arbail_d	[?]	Esarhaddon_RN	[?]	111	1506	31	0.008		0			
Ištar_Arbail_d	[?]	Damkina_d	[?]	111	12	2	0.006		0			
Ištar_Arbail_d	[?]	Kittu_d	[?]	111	5	1	0.005		0			
Ištar_Arbail_d	[?]	Belet-parṣi_d	[?]	111	8	1	0.004		0			
Ištar_Arbail_d	[?]	Zababa_d	[?]	111	7	1	0.004		0			
Ištar_Arbail_d	[?]	Kakka_d	[?]	111	9	1	0.004		0			
Ištar_Arbail_d	[?]	Sennacherib_RN	[?]	111	2798	16	0.003		0			
Ištar_Arbail_d	[?]	Ištar-Aššuritu_d	[?]	111	11	1	0.003		0			
Ištar_Arbail_d	[?]	Belet-ili_d	[?]	111	47	2	0.003		0			
Ištar_Arbail_d	[?]	Bel_d	[?]	111	192	2	0.002		0			
Ištar_Arbail_d	[?]	Erra_d	[?]	111	19	1	0.002		0			
Ištar_Arbail_d	[?]	Mullissu_d	[?]	111	158	2	0.002		0			
Ištar_Arbail_d	[?]	Gula_d	[?]	111	21	1	0.002		0			
Ištar_Arbail_d	[?]	Ea_d	[?]	111	127	2	0.002		0			
Ištar_Arbail_d	[?]	Nabu_d	[?]	111	307	1	0.001		0			
Ištar_Arbail_d	[?]	Aššur_d	[?]	111	1780	4	0.001		0			
Ištar_Arbail_d	[?]	Sin_d	[?]	111	315	1	0.001		0			
Ištar_Arbail_d	[?]	Šamaš_d	[?]	111	613	1	0.0		0			
Ištar_Nineveh_d	[?]	Ištar_Arbail_d	[?]	114	111	87	0.086		0			
Ištar_Nineveh_d	[?]	Nusku_d	[?]	114	87	41	0.046		0			
Ištar_Nineveh_d	[?]	Šarrat-Kidmuri_d	[?]	114	26	22	0.045		0			
Ištar_Nineveh_d	[?]	Nergal_d	[?]	114	135	39	0.035		0			
Ištar_Nineveh_d	[?]	Ninurta_d	[?]	114	165	37	0.03		0			
Ištar_Nineveh_d	[?]	Kutatati_d	[?]	114	6	4	0.017		0			
Ištar_Nineveh_d	[?]	Kakka_d	[?]	114	9	3	0.01		0			
Ištar_Nineveh_d	[?]	Ashurbanipal_RN	[?]	114	3438	51	0.009		0			
Ištar_Nineveh_d	[?]	Esarhaddon_RN	[?]	114	1506	30	0.008		0			
Ištar_Nineveh_d	[?]	Kippat-mati_d	[?]	114	15	3	0.008		0			
Ištar_Nineveh_d	[?]	Damkina_d	[?]	114	12	2	0.006		0			
Ištar_Nineveh_d	[?]	Tašmetu_d	[?]	114	63	4	0.005		0			
Ištar_Nineveh_d	[?]	Ea_d	[?]	114	127	5	0.005		0			
Ištar_Nineveh_d	[?]	Ashurnasirpal_II_RN	[?]	114	1662	16	0.004		0			
Ištar_Nineveh_d	[?]	Belet-parṣi_d	[?]	114	8	1	0.004		0			
Ištar_Nineveh_d	[?]	Ištar-Bit-Kidmuri_d	[?]	114	8	1	0.004		0			
Ištar_Nineveh_d	[?]	Belet-Arbail_d	[?]	114	8	1	0.004		0			
Ištar_Nineveh_d	[?]	Šakkan_d	[?]	114	6	1	0.004		0			
Ištar_Nineveh_d	[?]	Zababa_d	[?]	114	7	1	0.004		0			
Ištar_Nineveh_d	[?]	Sennacherib_RN	[?]	114	2798	16	0.003		0			
Ištar_Nineveh_d	[?]	Ištar-Aššuritu_d	[?]	114	11	1	0.003		0			
Ištar_Nineveh_d	[?]	Belet-ili_d	[?]	114	47	2	0.003		0			
Ištar_Nineveh_d	[?]	Mullissu_d	[?]	114	158	3	0.002		0			
Ištar_Nineveh_d	[?]	Ištar_Nineveh_d	[?]	114	114	2	0.002		0			
Ištar_Nineveh_d	[?]	Enlil_d	[?]	114	322	4	0.002		0			
Ištar_Nineveh_d	[?]	Aššur_d	[?]	114	1780	4	0.001		0			
Ištar_Nineveh_d	[?]	Bel_d	[?]	114	192	1	0.001		0			
Ištar_Nineveh_d	[?]	Nabu_d	[?]	114	307	2	0.001		0			
Ištar_Nineveh_d	[?]	Sargon_II_RN	[?]	114	1915	3	0.001		0			
Ištar_Nineveh_d	[?]	Adad_d	[?]	114	276	1	0.001		0			
Ištar_Nineveh_d	[?]	Tiglath-pileser_III_RN	[?]	114	534	1	0.0		0			
Ištar_Nineveh_d	[?]	Šamaš_d	[?]	114	613	1	0.0		0			
Ištar_d	[?]	Ashurbanipal_RN	[?]	326	3438	195	0.02		0			
Ištar_d	[?]	Kidmuru_d	[?]	326	6	3	0.008		0			
Ištar_d	[?]	Sebettu_d	[?]	326	13	4	0.007		0			
Ištar_d	[?]	Ashurnasirpal_II_RN	[?]	326	1662	20	0.003		0			
Ištar_d	[?]	Palil_d	[?]	326	6	1	0.003		0			
Ištar_d	[?]	Belet-ili_d	[?]	326	47	3	0.003		0			
Ištar_d	[?]	Šarrat-eqi_d	[?]	326	5	1	0.003		0			
Ištar_d	[?]	Šimati_d	[?]	326	5	1	0.003		0			
Ištar_d	[?]	Ištar_d	[?]	326	326	6	0.002		0			
Ištar_d	[?]	Ea_d	[?]	326	127	4	0.002		0			
Ištar_d	[?]	Adad-nerari_III_RN	[?]	326	70	3	0.002		0			
Ištar_d	[?]	Sargon_II_RN	[?]	326	1915	11	0.002		0			
Ištar_d	[?]	Sennacherib_RN	[?]	326	2798	18	0.002		0			
Ištar_d	[?]	Mullissu_d	[?]	326	158	4	0.002		0			
Ištar_d	[?]	Esarhaddon_RN	[?]	326	1506	11	0.002		0			
Ištar_d	[?]	Ištar_Arbail_d	[?]	326	111	4	0.002		0			
Ištar_d	[?]	Anu_d	[?]	326	116	3	0.002		0			
Ištar_d	[?]	Ištar-Aššuritu_d	[?]	326	11	1	0.002		0			
Ištar_d	[?]	Aššur_d	[?]	326	1780	6	0.001		0			
Ištar_d	[?]	Ninurta_d	[?]	326	165	2	0.001		0			
Ištar_d	[?]	Shalmaneser_III_RN	[?]	326	1935	5	0.001		0			
Ištar_d	[?]	Marduk_d	[?]	326	339	2	0.001		0			
Ištar_d	[?]	Nanaya_d	[?]	326	32	1	0.001		0			
Ištar_d	[?]	Nabu_d	[?]	326	307	2	0.001		0			
Ištar_d	[?]	Sin_d	[?]	326	315	2	0.001		0			
Ištar_d	[?]	Adad_d	[?]	326	276	2	0.001		0			
Ištar_d	[?]	Sin-šarru-iškun_RN	[?]	326	138	1	0.001		0			
Ištar_d	[?]	Šamši-Adad_V_RN	[?]	326	166	1	0.0		0			
Ištar_d	[?]	Adad-nerari_II_RN	[?]	326	205	1	0.0		0			
Ištar_d	[?]	Šamaš_d	[?]	326	613	2	0.0		0			
Ištar_d	[?]	Bel_d	[?]	326	192	1	0.0		0			
Ištar_d	[?]	Enlil_d	[?]	326	322	1	0.0		0			
Kakka_d	[?]	Haya_d	[?]	9	10	2	0.023		0			
Kakka_d	[?]	Kusu_d	[?]	9	11	2	0.022		0			
Kakka_d	[?]	Nusku_d	[?]	9	87	5	0.02		0			
Kakka_d	[?]	Tišpak_d	[?]	9	5	1	0.017		0			
Kakka_d	[?]	Šakkan_d	[?]	9	6	1	0.015		0			
Kakka_d	[?]	Madanu_d	[?]	9	10	1	0.012		0			
Kakka_d	[?]	Kakka_d	[?]	9	9	1	0.012		0			
Kakka_d	[?]	Sebettu_d	[?]	9	13	1	0.01		0			
Kakka_d	[?]	Kippat-mati_d	[?]	9	15	1	0.01		0			
Kakka_d	[?]	Ningal_d	[?]	9	32	1	0.007		0			
Kakka_d	[?]	Ea_d	[?]	9	127	2	0.007		0			
Kakka_d	[?]	Ninurta_d	[?]	9	165	1	0.003		0			
Kakka_d	[?]	Aššur_d	[?]	9	1780	3	0.003		0			
Kakka_d	[?]	Ištar_Nineveh_d	[?]	9	114	1	0.003		0			
Kakka_d	[?]	Nergal_d	[?]	9	135	1	0.003		0			
Kakka_d	[?]	Sin_d	[?]	9	315	1	0.002		0			
Kakka_d	[?]	Enlil_d	[?]	9	322	1	0.002		0			
Kakka_d	[?]	Marduk_d	[?]	9	339	1	0.002		0			
Kakka_d	[?]	Sennacherib_RN	[?]	9	2798	1	0.001		0			
Kakka_d	[?]	Šamaš_d	[?]	9	613	1	0.001		0			
Kidmuru_d	[?]	Kidmuru_d	[?]	6	6	1	0.019		0			
Kidmuru_d	[?]	Ashurnasirpal_II_RN	[?]	6	1662	6	0.007		0			
Kidmuru_d	[?]	Ištar_d	[?]	6	326	1	0.003		0			
Kidmuru_d	[?]	Aššur_d	[?]	6	1780	1	0.001		0			
Kippat-mati_d	[?]	Kutatati_d	[?]	15	6	3	0.035		0			
Kippat-mati_d	[?]	Šarrat-nipha_d	[?]	15	15	4	0.03		0			
Kippat-mati_d	[?]	Belet-ekalli_d	[?]	15	6	2	0.023		0			
Kippat-mati_d	[?]	Tašmetu_d	[?]	15	63	5	0.018		0			
Kippat-mati_d	[?]	Šala_d	[?]	15	12	2	0.017		0			
Kippat-mati_d	[?]	Damkina_d	[?]	15	12	2	0.017		0			
Kippat-mati_d	[?]	Tišpak_d	[?]	15	5	1	0.013		0			
Kippat-mati_d	[?]	Bel-agu_d	[?]	15	6	1	0.012		0			
Kippat-mati_d	[?]	Parak-šimati_d	[?]	15	7	1	0.011		0			
Kippat-mati_d	[?]	Zababa_d	[?]	15	7	1	0.011		0			
Kippat-mati_d	[?]	Haya_d	[?]	15	10	1	0.009		0			
Kippat-mati_d	[?]	Kusu_d	[?]	15	11	1	0.009		0			
Kippat-mati_d	[?]	Šeruʾa_d	[?]	15	39	2	0.009		0			
Kippat-mati_d	[?]	Ištar-Aššuritu_d	[?]	15	11	1	0.009		0			
Kippat-mati_d	[?]	Antu_d	[?]	15	14	1	0.008		0			
Kippat-mati_d	[?]	Ea_d	[?]	15	127	3	0.008		0			
Kippat-mati_d	[?]	Belet-ili_d	[?]	15	47	2	0.008		0			
Kippat-mati_d	[?]	Ištar_Nineveh_d	[?]	15	114	3	0.008		0			
Kippat-mati_d	[?]	Kippat-mati_d	[?]	15	15	1	0.007		0			
Kippat-mati_d	[?]	Sin_d	[?]	15	315	4	0.006		0			
Kippat-mati_d	[?]	Dagan_d	[?]	15	24	1	0.006		0			
Kippat-mati_d	[?]	Enlil_d	[?]	15	322	3	0.005		0			
Kippat-mati_d	[?]	Mullissu_d	[?]	15	158	2	0.005		0			
Kippat-mati_d	[?]	Ištar_Arbail_d	[?]	15	111	2	0.005		0			
Kippat-mati_d	[?]	Anu_d	[?]	15	116	1	0.003		0			
Kippat-mati_d	[?]	Adad_d	[?]	15	276	2	0.003		0			
Kippat-mati_d	[?]	Ninurta_d	[?]	15	165	1	0.002		0			
Kippat-mati_d	[?]	Šamaš_d	[?]	15	613	2	0.002		0			
Kippat-mati_d	[?]	Nabu_d	[?]	15	307	1	0.002		0			
Kittu_d	[?]	Tišpak_d	[?]	5	5	1	0.022		0			
Kittu_d	[?]	Ea-šarru_d	[?]	5	5	1	0.022		0			
Kittu_d	[?]	Dayyanu_d	[?]	5	5	1	0.022		0			
Kittu_d	[?]	Ištar-Aššuritu_d	[?]	5	11	1	0.015		0			
Kittu_d	[?]	Damkina_d	[?]	5	12	1	0.014		0			
Kulla_d	[?]	Enlil_d	[?]	21	322	2	0.003		0			
Kulla_d	[?]	Esarhaddon_RN	[?]	21	1506	4	0.002		0			
Kulla_d	[?]	Bel_d	[?]	21	192	1	0.002		0			
Kulla_d	[?]	Ištar_d	[?]	21	326	1	0.001		0			
Kulla_d	[?]	Ashurbanipal_RN	[?]	21	3438	2	0.001		0			
Kulla_d	[?]	Šamaš_d	[?]	21	613	1	0.001		0			
Kulla_d	[?]	Sennacherib_RN	[?]	21	2798	1	0.0		0			
Kusibanda_d	[?]	Ninkura_d	[?]	5	11	3	0.045		0			
Kusibanda_d	[?]	Ninagal_d	[?]	5	16	1	0.012		0			
Kusibanda_d	[?]	Ashurbanipal_RN	[?]	5	3438	6	0.005		0			
Kusu_d	[?]	Tišpak_d	[?]	11	5	2	0.03		0			
Kusu_d	[?]	Kusibanda_d	[?]	11	5	1	0.015		0			
Kusu_d	[?]	Kittu_d	[?]	11	5	1	0.015		0			
Kusu_d	[?]	Zababa_d	[?]	11	7	1	0.013		0			
Kusu_d	[?]	Haya_d	[?]	11	10	1	0.011		0			
Kusu_d	[?]	Madanu_d	[?]	11	10	1	0.011		0			
Kusu_d	[?]	Kakka_d	[?]	11	9	1	0.011		0			
Kusu_d	[?]	Ninkura_d	[?]	11	11	1	0.01		0			
Kusu_d	[?]	Damkina_d	[?]	11	12	1	0.01		0			
Kusu_d	[?]	Sebettu_d	[?]	11	13	1	0.009		0			
Kusu_d	[?]	Ninagal_d	[?]	11	16	1	0.008		0			
Kusu_d	[?]	Belet-ili_d	[?]	11	47	1	0.005		0			
Kusu_d	[?]	Nusku_d	[?]	11	87	1	0.004		0			
Kusu_d	[?]	Ea_d	[?]	11	127	1	0.003		0			
Kusu_d	[?]	Ninurta_d	[?]	11	165	1	0.003		0			
Kusu_d	[?]	Aššur_d	[?]	11	1780	1	0.001		0			
Kusu_d	[?]	Sennacherib_RN	[?]	11	2798	2	0.001		0			
Kusu_d	[?]	Esarhaddon_RN	[?]	11	1506	1	0.001		0			
Kutatati_d	[?]	Tašmetu_d	[?]	6	63	7	0.04		0			
Kutatati_d	[?]	Kutatati_d	[?]	6	6	2	0.037		0			
Kutatati_d	[?]	Šimati_d	[?]	6	5	1	0.02		0			
Kutatati_d	[?]	Šarrat-eqi_d	[?]	6	5	1	0.02		0			
Kutatati_d	[?]	Bel-agu_d	[?]	6	6	1	0.019		0			
Kutatati_d	[?]	Parak-šimati_d	[?]	6	7	1	0.017		0			
Kutatati_d	[?]	Nusku_d	[?]	6	87	3	0.015		0			
Kutatati_d	[?]	Ištar_Nineveh_d	[?]	6	114	1	0.004		0			
Kutatati_d	[?]	Nabu_d	[?]	6	307	1	0.003		0			
Kutatati_d	[?]	Aššur_d	[?]	6	1780	1	0.001		0			
Lamma-RA.BI_d	[?]	Ashurbanipal_RN	[?]	7	3438	1	0.001		0			
Laṣ_d	[?]	Tiglath-pileser_III_RN	[?]	6	534	6	0.012		0			
Laṣ_d	[?]	Esarhaddon_RN	[?]	6	1506	1	0.001		0			
Madanu_d	[?]	Tišpak_d	[?]	10	5	1	0.016		0			
Madanu_d	[?]	Kakka_d	[?]	10	9	1	0.012		0			
Madanu_d	[?]	Kusu_d	[?]	10	11	1	0.011		0			
Madanu_d	[?]	Haya_d	[?]	10	10	1	0.011		0			
Madanu_d	[?]	Sebettu_d	[?]	10	13	1	0.01		0			
Madanu_d	[?]	Ningal_d	[?]	10	32	1	0.006		0			
Madanu_d	[?]	Nusku_d	[?]	10	87	1	0.004		0			
Madanu_d	[?]	Ninurta_d	[?]	10	165	1	0.003		0			
Madanu_d	[?]	Sin_d	[?]	10	315	1	0.002		0			
Madanu_d	[?]	Aššur_d	[?]	10	1780	1	0.001		0			
Marduk_d	[?]	Zarpanitu_d	[?]	339	61	33	0.025		0			
Marduk_d	[?]	Tašmetu_d	[?]	339	63	19	0.014		0			
Marduk_d	[?]	Nabu_d	[?]	339	307	37	0.013		0			
Marduk_d	[?]	Esarhaddon_RN	[?]	339	1506	55	0.009		0			
Marduk_d	[?]	Ištar_Nineveh_d	[?]	339	114	14	0.008		0			
Marduk_d	[?]	Anunnaki_d	[?]	339	31	6	0.007		0			
Marduk_d	[?]	Sargon_II_RN	[?]	339	1915	54	0.007		0			
Marduk_d	[?]	Ištar_Arbail_d	[?]	339	111	13	0.007		0			
Marduk_d	[?]	Nergal_d	[?]	339	135	11	0.006		0			
Marduk_d	[?]	Ashurbanipal_RN	[?]	339	3438	56	0.006		0			
Marduk_d	[?]	Uraš_d	[?]	339	8	3	0.006		0			
Marduk_d	[?]	Igigi_d	[?]	339	56	6	0.005		0			
Marduk_d	[?]	Marduk_d	[?]	339	339	12	0.004		0			
Marduk_d	[?]	Adad_d	[?]	339	276	8	0.003		0			
Marduk_d	[?]	Bel_d	[?]	339	192	6	0.003		0			
Marduk_d	[?]	Ninurta_d	[?]	339	165	6	0.003		0			
Marduk_d	[?]	Sebettu_d	[?]	339	13	2	0.003		0			
Marduk_d	[?]	Aššur-etel-ilani_RN	[?]	339	5	1	0.003		0			
Marduk_d	[?]	Sin_d	[?]	339	315	5	0.002		0			
Marduk_d	[?]	Ištar_d	[?]	339	326	6	0.002		0			
Marduk_d	[?]	Tiglath-pileser_III_RN	[?]	339	534	7	0.002		0			
Marduk_d	[?]	Aššur_d	[?]	339	1780	12	0.002		0			
Marduk_d	[?]	Enlil_d	[?]	339	322	6	0.002		0			
Marduk_d	[?]	Amurru_d	[?]	339	8	1	0.002		0			
Marduk_d	[?]	Anu_d	[?]	339	116	3	0.002		0			
Marduk_d	[?]	Mullissu_d	[?]	339	158	4	0.002		0			
Marduk_d	[?]	Ištar-Bit-Kidmuri_d	[?]	339	8	1	0.002		0			
Marduk_d	[?]	Nusku_d	[?]	339	87	3	0.002		0			
Marduk_d	[?]	Šeruʾa_d	[?]	339	39	2	0.002		0			
Marduk_d	[?]	Belet-ili_d	[?]	339	47	2	0.002		0			
Marduk_d	[?]	Belet-ekalli_d	[?]	339	6	1	0.002		0			
Marduk_d	[?]	Kakka_d	[?]	339	9	1	0.002		0			
Marduk_d	[?]	Shalmaneser_III_RN	[?]	339	1935	4	0.001		0			
Marduk_d	[?]	Šamši-Adad_V_RN	[?]	339	166	2	0.001		0			
Marduk_d	[?]	Šamaš_d	[?]	339	613	5	0.001		0			
Marduk_d	[?]	Adad-nerari_III_RN	[?]	339	70	2	0.001		0			
Marduk_d	[?]	Ea_d	[?]	339	127	1	0.001		0			
Marduk_d	[?]	Nanaya_d	[?]	339	32	1	0.001		0			
Marduk_d	[?]	Šarrat-Kidmuri_d	[?]	339	26	1	0.001		0			
Marduk_d	[?]	Sin-šarru-iškun_RN	[?]	339	138	2	0.001		0			
Marduk_d	[?]	Ningal_d	[?]	339	32	1	0.001		0			
Marduk_d	[?]	Haldi_d	[?]	339	24	1	0.001		0			
Marduk_d	[?]	Sennacherib_RN	[?]	339	2798	1	0.0		0			
Mullissu_d	[?]	Šeruʾa_d	[?]	158	39	12	0.017		0			
Mullissu_d	[?]	Tašmetu_d	[?]	158	63	14	0.016		0			
Mullissu_d	[?]	Zarpanitu_d	[?]	158	61	13	0.015		0			
Mullissu_d	[?]	Nabu_d	[?]	158	307	25	0.013		0			
Mullissu_d	[?]	Ištar_Arbail_d	[?]	158	111	16	0.013		0			
Mullissu_d	[?]	Belet-Arbail_d	[?]	158	8	4	0.013		0			
Mullissu_d	[?]	Antu_d	[?]	158	14	5	0.012		0			
Mullissu_d	[?]	Sin_d	[?]	158	315	19	0.009		0			
Mullissu_d	[?]	Ningal_d	[?]	158	32	6	0.009		0			
Mullissu_d	[?]	Anu_d	[?]	158	116	11	0.009		0			
Mullissu_d	[?]	Ištar_Nineveh_d	[?]	158	114	11	0.009		0			
Mullissu_d	[?]	Marduk_d	[?]	158	339	17	0.008		0			
Mullissu_d	[?]	Ashurbanipal_RN	[?]	158	3438	51	0.008		0			
Mullissu_d	[?]	Kippat-mati_d	[?]	158	15	3	0.007		0			
Mullissu_d	[?]	Bel_d	[?]	158	192	11	0.007		0			
Mullissu_d	[?]	Parak-šimati_d	[?]	158	7	2	0.007		0			
Mullissu_d	[?]	Bel-agu_d	[?]	158	6	2	0.007		0			
Mullissu_d	[?]	Šarrat-nipha_d	[?]	158	15	3	0.007		0			
Mullissu_d	[?]	Belet-ekalli_d	[?]	158	6	2	0.007		0			
Mullissu_d	[?]	Šamaš_d	[?]	158	613	17	0.006		0			
Mullissu_d	[?]	Mullissu_d	[?]	158	158	9	0.006		0			
Mullissu_d	[?]	Adad_d	[?]	158	276	10	0.005		0			
Mullissu_d	[?]	Sin-šarru-iškun_RN	[?]	158	138	6	0.005		0			
Mullissu_d	[?]	Aya_d	[?]	158	16	2	0.004		0			
Mullissu_d	[?]	Belet-ili_d	[?]	158	47	3	0.004		0			
Mullissu_d	[?]	Beltiya_d	[?]	158	19	2	0.004		0			
Mullissu_d	[?]	Tišpak_d	[?]	158	5	1	0.004		0			
Mullissu_d	[?]	Ea-šarru_d	[?]	158	5	1	0.004		0			
Mullissu_d	[?]	Aššur_d	[?]	158	1780	13	0.003		0			
Mullissu_d	[?]	Šala_d	[?]	158	12	1	0.003		0			
Mullissu_d	[?]	Nusku_d	[?]	158	87	3	0.003		0			
Mullissu_d	[?]	Šarrat-Kidmuri_d	[?]	158	26	2	0.003		0			
Mullissu_d	[?]	Enlil_d	[?]	158	322	6	0.003		0			
Mullissu_d	[?]	Ištar-Bit-Kidmuri_d	[?]	158	8	1	0.003		0			
Mullissu_d	[?]	Damkina_d	[?]	158	12	1	0.003		0			
Mullissu_d	[?]	Ištar_d	[?]	158	326	5	0.002		0			
Mullissu_d	[?]	Ninurta_d	[?]	158	165	3	0.002		0			
Mullissu_d	[?]	Gula_d	[?]	158	21	1	0.002		0			
Mullissu_d	[?]	Nergal_d	[?]	158	135	2	0.002		0			
Mullissu_d	[?]	Nanaya_d	[?]	158	32	1	0.002		0			
Mullissu_d	[?]	Ea_d	[?]	158	127	3	0.002		0			
Mullissu_d	[?]	Anunnaki_d	[?]	158	31	1	0.002		0			
Mullissu_d	[?]	Dagan_d	[?]	158	24	1	0.002		0			
Mullissu_d	[?]	Sennacherib_RN	[?]	158	2798	3	0.001		0			
Mullissu_d	[?]	Igigi_d	[?]	158	56	1	0.001		0			
Mullissu_d	[?]	Sargon_II_RN	[?]	158	1915	6	0.001		0			
Mullissu_d	[?]	Esarhaddon_RN	[?]	158	1506	2	0.0		0			
Nabu_d	[?]	Ištar_Arbail_d	[?]	307	111	83	0.05		0			
Nabu_d	[?]	Ištar_Nineveh_d	[?]	307	114	81	0.048		0			
Nabu_d	[?]	Tašmetu_d	[?]	307	63	53	0.042		0			
Nabu_d	[?]	Nergal_d	[?]	307	135	72	0.039		0			
Nabu_d	[?]	Nusku_d	[?]	307	87	42	0.029		0			
Nabu_d	[?]	Šarrat-Kidmuri_d	[?]	307	26	22	0.027		0			
Nabu_d	[?]	Ninurta_d	[?]	307	165	49	0.024		0			
Nabu_d	[?]	Marduk_d	[?]	307	339	63	0.022		0			
Nabu_d	[?]	Sin-šarru-iškun_RN	[?]	307	138	26	0.014		0			
Nabu_d	[?]	Ashurbanipal_RN	[?]	307	3438	115	0.012		0			
Nabu_d	[?]	Laṣ_d	[?]	307	6	3	0.008		0			
Nabu_d	[?]	Ištar-Aššuritu_d	[?]	307	11	4	0.008		0			
Nabu_d	[?]	Esarhaddon_RN	[?]	307	1506	40	0.007		0			
Nabu_d	[?]	Uraš_d	[?]	307	8	3	0.007		0			
Nabu_d	[?]	Sargon_II_RN	[?]	307	1915	45	0.007		0			
Nabu_d	[?]	Sebettu_d	[?]	307	13	3	0.005		0			
Nabu_d	[?]	Nanaya_d	[?]	307	32	4	0.004		0			
Nabu_d	[?]	Kidmuru_d	[?]	307	6	1	0.003		0			
Nabu_d	[?]	Sin_d	[?]	307	315	8	0.003		0			
Nabu_d	[?]	Adad_d	[?]	307	276	7	0.003		0			
Nabu_d	[?]	Nabu_d	[?]	307	307	9	0.003		0			
Nabu_d	[?]	Kittu_d	[?]	307	5	1	0.003		0			
Nabu_d	[?]	Belet-ekalli_d	[?]	307	6	1	0.003		0			
Nabu_d	[?]	Kutatati_d	[?]	307	6	1	0.003		0			
Nabu_d	[?]	Šarrat-nipha_d	[?]	307	15	1	0.002		0			
Nabu_d	[?]	Ištar_d	[?]	307	326	6	0.002		0			
Nabu_d	[?]	Šamaš_d	[?]	307	613	7	0.002		0			
Nabu_d	[?]	Belet-parṣi_d	[?]	307	8	1	0.002		0			
Nabu_d	[?]	Ištar-Bit-Kidmuri_d	[?]	307	8	1	0.002		0			
Nabu_d	[?]	Mullissu_d	[?]	307	158	4	0.002		0			
Nabu_d	[?]	Šeruʾa_d	[?]	307	39	2	0.002		0			
Nabu_d	[?]	Belet-ili_d	[?]	307	47	2	0.002		0			
Nabu_d	[?]	Belet-Arbail_d	[?]	307	8	1	0.002		0			
Nabu_d	[?]	Tiglath-pileser_III_RN	[?]	307	534	5	0.001		0			
Nabu_d	[?]	Sennacherib_RN	[?]	307	2798	6	0.001		0			
Nabu_d	[?]	Aššur_d	[?]	307	1780	7	0.001		0			
Nabu_d	[?]	Igigi_d	[?]	307	56	1	0.001		0			
Nabu_d	[?]	Anunnaki_d	[?]	307	31	1	0.001		0			
Nabu_d	[?]	Anu_d	[?]	307	116	1	0.001		0			
Nabu_d	[?]	Bel_d	[?]	307	192	2	0.001		0			
Nabu_d	[?]	Ningal_d	[?]	307	32	1	0.001		0			
Nabu_d	[?]	Kulla_d	[?]	307	21	1	0.001		0			
Nabu_d	[?]	Enlil_d	[?]	307	322	1	0.0		0			
Nanaya_d	[?]	Laṣ_d	[?]	32	6	1	0.008		0			
Nanaya_d	[?]	Palil_d	[?]	32	6	1	0.008		0			
Nanaya_d	[?]	Gula_d	[?]	32	21	1	0.004		0			
Nanaya_d	[?]	Esarhaddon_RN	[?]	32	1506	8	0.004		0			
Nanaya_d	[?]	Nergal_d	[?]	32	135	1	0.002		0			
Nanaya_d	[?]	Tiglath-pileser_III_RN	[?]	32	534	1	0.001		0			
Nanaya_d	[?]	Ashurbanipal_RN	[?]	32	3438	2	0.001		0			
Nanna_d	[?]	Ištar_d	[?]	9	326	4	0.008		0			
Nanna_d	[?]	Ashurbanipal_RN	[?]	9	3438	10	0.006		0			
Nanna_d	[?]	Sin_d	[?]	9	315	2	0.004		0			
Nanna_d	[?]	Ea_d	[?]	9	127	1	0.003		0			
Nanna_d	[?]	Sennacherib_RN	[?]	9	2798	3	0.002		0			
Nergal_d	[?]	Nusku_d	[?]	135	87	33	0.034		0			
Nergal_d	[?]	Laṣ_d	[?]	135	6	6	0.023		0			
Nergal_d	[?]	Ištar-Bit-Kidmuri_d	[?]	135	8	4	0.014		0			
Nergal_d	[?]	Ištar_Nineveh_d	[?]	135	114	13	0.012		0			
Nergal_d	[?]	Ištar_Arbail_d	[?]	135	111	12	0.011		0			
Nergal_d	[?]	Ashurbanipal_RN	[?]	135	3438	67	0.011		0			
Nergal_d	[?]	Belet-ili_d	[?]	135	47	5	0.007		0			
Nergal_d	[?]	Nanna_d	[?]	135	9	2	0.006		0			
Nergal_d	[?]	Sebettu_d	[?]	135	13	2	0.005		0			
Nergal_d	[?]	Palil_d	[?]	135	6	1	0.004		0			
Nergal_d	[?]	Sennacherib_RN	[?]	135	2798	15	0.003		0			
Nergal_d	[?]	Mullissu_d	[?]	135	158	4	0.003		0			
Nergal_d	[?]	Šeruʾa_d	[?]	135	39	2	0.003		0			
Nergal_d	[?]	Belet-Arbail_d	[?]	135	8	1	0.003		0			
Nergal_d	[?]	Madanu_d	[?]	135	10	1	0.003		0			
Nergal_d	[?]	Kakka_d	[?]	135	9	1	0.003		0			
Nergal_d	[?]	Enlil_d	[?]	135	322	3	0.002		0			
Nergal_d	[?]	Tiglath-pileser_III_RN	[?]	135	534	6	0.002		0			
Nergal_d	[?]	Ištar_d	[?]	135	326	4	0.002		0			
Nergal_d	[?]	Adad_d	[?]	135	276	3	0.002		0			
Nergal_d	[?]	Sin-šarru-iškun_RN	[?]	135	138	3	0.002		0			
Nergal_d	[?]	Gula_d	[?]	135	21	1	0.002		0			
Nergal_d	[?]	Aššur_d	[?]	135	1780	5	0.001		0			
Nergal_d	[?]	Sin_d	[?]	135	315	2	0.001		0			
Nergal_d	[?]	Ea_d	[?]	135	127	1	0.001		0			
Nergal_d	[?]	Bel_d	[?]	135	192	1	0.001		0			
Nergal_d	[?]	Nabu_d	[?]	135	307	1	0.001		0			
Nergal_d	[?]	Nergal_d	[?]	135	135	1	0.001		0			
Nergal_d	[?]	Esarhaddon_RN	[?]	135	1506	5	0.001		0			
Nergal_d	[?]	Sargon_II_RN	[?]	135	1915	5	0.001		0			
Nergal_d	[?]	Ninurta_d	[?]	135	165	1	0.001		0			
Nergal_d	[?]	Marduk_d	[?]	135	339	1	0.001		0			
Nergal_d	[?]	Shalmaneser_III_RN	[?]	135	1935	2	0.0		0			
Nergal_d	[?]	Šamaš_d	[?]	135	613	1	0.0		0			
Ninagal_d	[?]	Kusibanda_d	[?]	16	5	4	0.05		0			
Ninagal_d	[?]	Ninkura_d	[?]	16	11	3	0.025		0			
Ninagal_d	[?]	Esarhaddon_RN	[?]	16	1506	3	0.002		0			
Ninagal_d	[?]	Ea_d	[?]	16	127	1	0.002		0			
Ninagal_d	[?]	Nabu_d	[?]	16	307	1	0.002		0			
Ninagal_d	[?]	Sennacherib_RN	[?]	16	2798	1	0.001		0			
Ninagal_d	[?]	Aššur_d	[?]	16	1780	1	0.001		0			
Ninagal_d	[?]	Ashurbanipal_RN	[?]	16	3438	3	0.001		0			
Ningal_d	[?]	Aya_d	[?]	32	16	15	0.074		0			
Ningal_d	[?]	Šamaš_d	[?]	32	613	23	0.018		0			
Ningal_d	[?]	Šala_d	[?]	32	12	3	0.017		0			
Ningal_d	[?]	Antu_d	[?]	32	14	3	0.016		0			
Ningal_d	[?]	Kippat-mati_d	[?]	32	15	3	0.015		0			
Ningal_d	[?]	Nusku_d	[?]	32	87	7	0.015		0			
Ningal_d	[?]	Damkina_d	[?]	32	12	2	0.011		0			
Ningal_d	[?]	Ea_d	[?]	32	127	6	0.01		0			
Ningal_d	[?]	Belet-Nineveh_d	[?]	32	6	1	0.008		0			
Ningal_d	[?]	Adad_d	[?]	32	276	7	0.008		0			
Ningal_d	[?]	Ištar-Bit-Kidmuri_d	[?]	32	8	1	0.007		0			
Ningal_d	[?]	Kakka_d	[?]	32	9	1	0.007		0			
Ningal_d	[?]	Belet-ili_d	[?]	32	47	2	0.006		0			
Ningal_d	[?]	Haya_d	[?]	32	10	1	0.006		0			
Ningal_d	[?]	Nabu_d	[?]	32	307	5	0.006		0			
Ningal_d	[?]	Ištar_Nineveh_d	[?]	32	114	3	0.006		0			
Ningal_d	[?]	Anu_d	[?]	32	116	3	0.005		0			
Ningal_d	[?]	Zarpanitu_d	[?]	32	61	2	0.005		0			
Ningal_d	[?]	Tašmetu_d	[?]	32	63	2	0.005		0			
Ningal_d	[?]	Ninurta_d	[?]	32	165	3	0.005		0			
Ningal_d	[?]	Ištar_Arbail_d	[?]	32	111	2	0.004		0			
Ningal_d	[?]	Ashurbanipal_RN	[?]	32	3438	10	0.003		0			
Ningal_d	[?]	Marduk_d	[?]	32	339	3	0.003		0			
Ningal_d	[?]	Nergal_d	[?]	32	135	1	0.002		0			
Ningal_d	[?]	Enlil_d	[?]	32	322	2	0.002		0			
Ningal_d	[?]	Sin_d	[?]	32	315	1	0.001		0			
Ningal_d	[?]	Sargon_II_RN	[?]	32	1915	2	0.001		0			
Ninkura_d	[?]	Kusibanda_d	[?]	11	5	1	0.015		0			
Ninkura_d	[?]	Ninagal_d	[?]	11	16	1	0.008		0			
Ninkura_d	[?]	Ashurbanipal_RN	[?]	11	3438	8	0.005		0			
Ninlil_d	[?]	Enlil_d	[?]	6	322	6	0.015		0			
Ninlil_d	[?]	Ištar_d	[?]	6	326	4	0.01		0			
Ninlil_d	[?]	Nergal_d	[?]	6	135	1	0.004		0			
Ninurta_d	[?]	Nusku_d	[?]	165	87	49	0.045		0			
Ninurta_d	[?]	Nergal_d	[?]	165	135	59	0.044		0			
Ninurta_d	[?]	Dagan_d	[?]	165	24	7	0.012		0			
Ninurta_d	[?]	Kakka_d	[?]	165	9	4	0.012		0			
Ninurta_d	[?]	Madanu_d	[?]	165	10	4	0.011		0			
Ninurta_d	[?]	Ea-šarru_d	[?]	165	5	2	0.008		0			
Ninurta_d	[?]	Gula_d	[?]	165	21	4	0.008		0			
Ninurta_d	[?]	Ashurbanipal_RN	[?]	165	3438	53	0.008		0			
Ninurta_d	[?]	Tišpak_d	[?]	165	5	2	0.008		0			
Ninurta_d	[?]	Damkina_d	[?]	165	12	3	0.007		0			
Ninurta_d	[?]	Anu_d	[?]	165	116	8	0.006		0			
Ninurta_d	[?]	Anunnaki_d	[?]	165	31	4	0.006		0			
Ninurta_d	[?]	Ashurnasirpal_II_RN	[?]	165	1662	22	0.005		0			
Ninurta_d	[?]	Igigi_d	[?]	165	56	4	0.005		0			
Ninurta_d	[?]	Šala_d	[?]	165	12	2	0.005		0			
Ninurta_d	[?]	Kusu_d	[?]	165	11	2	0.005		0			
Ninurta_d	[?]	Haya_d	[?]	165	10	2	0.005		0			
Ninurta_d	[?]	Šarrat-nipha_d	[?]	165	15	2	0.004		0			
Ninurta_d	[?]	Enlil_d	[?]	165	322	8	0.004		0			
Ninurta_d	[?]	Palil_d	[?]	165	6	1	0.004		0			
Ninurta_d	[?]	Ninurta_d	[?]	165	165	4	0.003		0			
Ninurta_d	[?]	Adad_d	[?]	165	276	5	0.003		0			
Ninurta_d	[?]	Ištar_d	[?]	165	326	6	0.003		0			
Ninurta_d	[?]	Amurru_d	[?]	165	8	1	0.003		0			
Ninurta_d	[?]	Sin_d	[?]	165	315	4	0.002		0			
Ninurta_d	[?]	Shalmaneser_III_RN	[?]	165	1935	9	0.002		0			
Ninurta_d	[?]	Sebettu_d	[?]	165	13	1	0.002		0			
Ninurta_d	[?]	Sargon_II_RN	[?]	165	1915	9	0.002		0			
Ninurta_d	[?]	Ninšiku_d	[?]	165	14	1	0.002		0			
Ninurta_d	[?]	Aššur_d	[?]	165	1780	3	0.001		0			
Ninurta_d	[?]	Ea_d	[?]	165	127	1	0.001		0			
Ninurta_d	[?]	Ištar_Nineveh_d	[?]	165	114	1	0.001		0			
Ninurta_d	[?]	Ištar_Arbail_d	[?]	165	111	1	0.001		0			
Ninurta_d	[?]	Nabu_d	[?]	165	307	2	0.001		0			
Ninurta_d	[?]	Marduk_d	[?]	165	339	2	0.001		0			
Ninurta_d	[?]	Sin-šarru-iškun_RN	[?]	165	138	2	0.001		0			
Ninurta_d	[?]	Esarhaddon_RN	[?]	165	1506	1	0.0		0			
Ninurta_d	[?]	Šamaš_d	[?]	165	613	1	0.0		0			
Ninšiku_d	[?]	Kulla_d	[?]	14	21	1	0.006		0			
Ninšiku_d	[?]	Sennacherib_RN	[?]	14	2798	9	0.005		0			
Ninšiku_d	[?]	Adad_d	[?]	14	276	1	0.002		0			
Ninšiku_d	[?]	Esarhaddon_RN	[?]	14	1506	2	0.002		0			
Ninšiku_d	[?]	Sargon_II_RN	[?]	14	1915	3	0.002		0			
Ninšiku_d	[?]	Šamaš_d	[?]	14	613	1	0.001		0			
Nisaba_d	[?]	Nisaba_d	[?]	27	27	3	0.012		0			
Nisaba_d	[?]	Zababa_d	[?]	27	7	1	0.008		0			
Nisaba_d	[?]	Šala_d	[?]	27	12	1	0.006		0			
Nisaba_d	[?]	Damkina_d	[?]	27	12	1	0.006		0			
Nisaba_d	[?]	Belet-ili_d	[?]	27	47	1	0.003		0			
Nisaba_d	[?]	Esarhaddon_RN	[?]	27	1506	3	0.002		0			
Nisaba_d	[?]	Sin-šarru-iškun_RN	[?]	27	138	1	0.002		0			
Nisaba_d	[?]	Ea_d	[?]	27	127	1	0.002		0			
Nisaba_d	[?]	Ninurta_d	[?]	27	165	1	0.002		0			
Nisaba_d	[?]	Nergal_d	[?]	27	135	1	0.002		0			
Nisaba_d	[?]	Aššur_d	[?]	27	1780	1	0.001		0			
Nisaba_d	[?]	Adad-nerari_II_RN	[?]	27	205	1	0.001		0			
Nisaba_d	[?]	Ashurbanipal_RN	[?]	27	3438	4	0.001		0			
Nisaba_d	[?]	Sargon_II_RN	[?]	27	1915	2	0.001		0			
Nudimmud_d	[?]	Igigi_d	[?]	14	56	2	0.008		0			
Nudimmud_d	[?]	Ea_d	[?]	14	127	1	0.003		0			
Nudimmud_d	[?]	Marduk_d	[?]	14	339	1	0.002		0			
Nudimmud_d	[?]	Esarhaddon_RN	[?]	14	1506	2	0.002		0			
Nudimmud_d	[?]	Ashurbanipal_RN	[?]	14	3438	3	0.002		0			
Nudimmud_d	[?]	Sin_d	[?]	14	315	1	0.002		0			
Nudimmud_d	[?]	Tiglath-pileser_III_RN	[?]	14	534	1	0.001		0			
Nudimmud_d	[?]	Aššur_d	[?]	14	1780	1	0.001		0			
Nusku_d	[?]	Ninlil_d	[?]	87	6	6	0.029		0			
Nusku_d	[?]	Nergal_d	[?]	87	135	16	0.016		0			
Nusku_d	[?]	Ashurbanipal_RN	[?]	87	3438	78	0.016		0			
Nusku_d	[?]	Aya_d	[?]	87	16	4	0.012		0			
Nusku_d	[?]	Kakka_d	[?]	87	9	3	0.012		0			
Nusku_d	[?]	Madanu_d	[?]	87	10	3	0.011		0			
Nusku_d	[?]	Uraš_d	[?]	87	8	2	0.008		0			
Nusku_d	[?]	Enlil_d	[?]	87	322	10	0.007		0			
Nusku_d	[?]	Ištar_Nineveh_d	[?]	87	114	6	0.007		0			
Nusku_d	[?]	Kippat-mati_d	[?]	87	15	2	0.006		0			
Nusku_d	[?]	Nusku_d	[?]	87	87	5	0.006		0			
Nusku_d	[?]	Tišpak_d	[?]	87	5	1	0.005		0			
Nusku_d	[?]	Mullissu_d	[?]	87	158	5	0.005		0			
Nusku_d	[?]	Ea_d	[?]	87	127	5	0.005		0			
Nusku_d	[?]	Šakkan_d	[?]	87	6	1	0.005		0			
Nusku_d	[?]	Dayyanu_d	[?]	87	5	1	0.005		0			
Nusku_d	[?]	Ea-šarru_d	[?]	87	5	1	0.005		0			
Nusku_d	[?]	Kusu_d	[?]	87	11	1	0.004		0			
Nusku_d	[?]	Haya_d	[?]	87	10	1	0.004		0			
Nusku_d	[?]	Sin-šarru-iškun_RN	[?]	87	138	4	0.004		0			
Nusku_d	[?]	Šeruʾa_d	[?]	87	39	2	0.004		0			
Nusku_d	[?]	Sebettu_d	[?]	87	13	1	0.003		0			
Nusku_d	[?]	Šamaš_d	[?]	87	613	7	0.003		0			
Nusku_d	[?]	Adad_d	[?]	87	276	4	0.003		0			
Nusku_d	[?]	Sin_d	[?]	87	315	4	0.003		0			
Nusku_d	[?]	Belet-ili_d	[?]	87	47	2	0.003		0			
Nusku_d	[?]	Damkina_d	[?]	87	12	1	0.003		0			
Nusku_d	[?]	Aššur_d	[?]	87	1780	6	0.002		0			
Nusku_d	[?]	Ištar_Arbail_d	[?]	87	111	2	0.002		0			
Nusku_d	[?]	Ningal_d	[?]	87	32	1	0.002		0			
Nusku_d	[?]	Tašmetu_d	[?]	87	63	1	0.002		0			
Nusku_d	[?]	Dagan_d	[?]	87	24	1	0.002		0			
Nusku_d	[?]	Ninurta_d	[?]	87	165	1	0.001		0			
Nusku_d	[?]	Esarhaddon_RN	[?]	87	1506	3	0.001		0			
Palil_d	[?]	Sebettu_d	[?]	6	13	1	0.013		0			
Palil_d	[?]	Ea_d	[?]	6	127	1	0.004		0			
Palil_d	[?]	Ashurbanipal_RN	[?]	6	3438	2	0.002		0			
Parak-šimati_d	[?]	Bel-agu_d	[?]	7	6	1	0.017		0			
Parak-šimati_d	[?]	Kutatati_d	[?]	7	6	1	0.017		0			
Parak-šimati_d	[?]	Parak-šimati_d	[?]	7	7	1	0.016		0			
Parak-šimati_d	[?]	Belet-ili_d	[?]	7	47	2	0.012		0			
Parak-šimati_d	[?]	Tašmetu_d	[?]	7	63	1	0.005		0			
Parak-šimati_d	[?]	Nabu_d	[?]	7	307	1	0.002		0			
Sargon_II_RN	[?]	Sargon_II_RN	[?]	1915	1915	1397	0.081		0			
Sargon_II_RN	[?]	Haldi_d	[?]	1915	24	26	0.013		0			
Sargon_II_RN	[?]	Aššur_d	[?]	1915	1780	129	0.008		0			
Sargon_II_RN	[?]	Bagbartu_d	[?]	1915	10	8	0.006		0			
Sargon_II_RN	[?]	Adad_d	[?]	1915	276	39	0.006		0			
Sargon_II_RN	[?]	Enlil_d	[?]	1915	322	37	0.005		0			
Sargon_II_RN	[?]	Ea_d	[?]	1915	127	21	0.005		0			
Sargon_II_RN	[?]	Šamaš_d	[?]	1915	613	39	0.004		0			
Sargon_II_RN	[?]	Anu_d	[?]	1915	116	13	0.003		0			
Sargon_II_RN	[?]	Marduk_d	[?]	1915	339	20	0.003		0			
Sargon_II_RN	[?]	Nabu_d	[?]	1915	307	21	0.003		0			
Sargon_II_RN	[?]	Sin_d	[?]	1915	315	20	0.003		0			
Sargon_II_RN	[?]	Ninurta_d	[?]	1915	165	12	0.002		0			
Sargon_II_RN	[?]	Mullissu_d	[?]	1915	158	9	0.002		0			
Sargon_II_RN	[?]	Ištar_d	[?]	1915	326	12	0.002		0			
Sargon_II_RN	[?]	Belet-ili_d	[?]	1915	47	5	0.002		0			
Sargon_II_RN	[?]	Bel_d	[?]	1915	192	7	0.001		0			
Sargon_II_RN	[?]	Kulla_d	[?]	1915	21	2	0.001		0			
Sargon_II_RN	[?]	Ningal_d	[?]	1915	32	2	0.001		0			
Sargon_II_RN	[?]	Ninšiku_d	[?]	1915	14	1	0.001		0			
Sargon_II_RN	[?]	Nergal_d	[?]	1915	135	3	0.001		0			
Sargon_II_RN	[?]	Nisaba_d	[?]	1915	27	1	0.0		0			
Sargon_II_RN	[?]	Ištar_Nineveh_d	[?]	1915	114	1	0.0		0			
Sebettu_d	[?]	Kidmuru_d	[?]	13	6	1	0.013		0			
Sebettu_d	[?]	Amurru_d	[?]	13	8	1	0.011		0			
Sebettu_d	[?]	Šeruʾa_d	[?]	13	39	1	0.005		0			
Sebettu_d	[?]	Tiglath-pileser_III_RN	[?]	13	534	3	0.004		0			
Sebettu_d	[?]	Mullissu_d	[?]	13	158	1	0.002		0			
Sebettu_d	[?]	Shalmaneser_III_RN	[?]	13	1935	1	0.001		0			
Sebettu_d	[?]	Sennacherib_RN	[?]	13	2798	1	0.001		0			
Sebettu_d	[?]	Aššur_d	[?]	13	1780	1	0.001		0			
Sebettu_d	[?]	Sargon_II_RN	[?]	13	1915	1	0.001		0			
Sennacherib_RN	[?]	Sennacherib_RN	[?]	2798	2798	2367	0.094		0			
Sennacherib_RN	[?]	Aššur_d	[?]	2798	1780	240	0.012		0			
Sennacherib_RN	[?]	Ninšiku_d	[?]	2798	14	7	0.004		0			
Sennacherib_RN	[?]	Ištar_d	[?]	2798	326	23	0.003		0			
Sennacherib_RN	[?]	Adad_d	[?]	2798	276	23	0.003		0			
Sennacherib_RN	[?]	Igigi_d	[?]	2798	56	10	0.003		0			
Sennacherib_RN	[?]	Šamaš_d	[?]	2798	613	21	0.002		0			
Sennacherib_RN	[?]	Nergal_d	[?]	2798	135	12	0.002		0			
Sennacherib_RN	[?]	Sin_d	[?]	2798	315	16	0.002		0			
Sennacherib_RN	[?]	Šala_d	[?]	2798	12	3	0.002		0			
Sennacherib_RN	[?]	Tiamat_d	[?]	2798	7	2	0.002		0			
Sennacherib_RN	[?]	Zababa_d	[?]	2798	7	2	0.002		0			
Sennacherib_RN	[?]	Enlil_d	[?]	2798	322	10	0.001		0			
Sennacherib_RN	[?]	Haya_d	[?]	2798	10	2	0.001		0			
Sennacherib_RN	[?]	Ea_d	[?]	2798	127	7	0.001		0			
Sennacherib_RN	[?]	Mullissu_d	[?]	2798	158	4	0.001		0			
Sennacherib_RN	[?]	Nanna_d	[?]	2798	9	2	0.001		0			
Sennacherib_RN	[?]	Bel_d	[?]	2798	192	9	0.001		0			
Sennacherib_RN	[?]	Nabu_d	[?]	2798	307	5	0.001		0			
Sennacherib_RN	[?]	Ištar_Nineveh_d	[?]	2798	114	7	0.001		0			
Sennacherib_RN	[?]	Ištar_Arbail_d	[?]	2798	111	6	0.001		0			
Sennacherib_RN	[?]	Ningal_d	[?]	2798	32	2	0.001		0			
Sennacherib_RN	[?]	Belet-ili_d	[?]	2798	47	4	0.001		0			
Sennacherib_RN	[?]	Anu_d	[?]	2798	116	3	0.001		0			
Sennacherib_RN	[?]	Ninagal_d	[?]	2798	16	1	0.001		0			
Sennacherib_RN	[?]	Šarur_d	[?]	2798	6	1	0.001		0			
Sennacherib_RN	[?]	Kakka_d	[?]	2798	9	1	0.001		0			
Sennacherib_RN	[?]	Madanu_d	[?]	2798	10	1	0.001		0			
Sennacherib_RN	[?]	Tišpak_d	[?]	2798	5	1	0.001		0			
Sennacherib_RN	[?]	Kippat-mati_d	[?]	2798	15	1	0.001		0			
Sennacherib_RN	[?]	Anunnaki_d	[?]	2798	31	1	0.0		0			
Sennacherib_RN	[?]	Nusku_d	[?]	2798	87	1	0.0		0			
Sennacherib_RN	[?]	Šeruʾa_d	[?]	2798	39	1	0.0		0			
Sennacherib_RN	[?]	Kulla_d	[?]	2798	21	1	0.0		0			
Sennacherib_RN	[?]	Ashurbanipal_RN	[?]	2798	3438	1	0.0		0			
Shalmaneser_III_RN	[?]	Shalmaneser_III_RN	[?]	1935	1935	2407	0.138		0			
Shalmaneser_III_RN	[?]	Aššur_d	[?]	1935	1780	127	0.008		0			
Shalmaneser_III_RN	[?]	Adad_d	[?]	1935	276	25	0.004		0			
Shalmaneser_III_RN	[?]	Amurru_d	[?]	1935	8	5	0.004		0			
Shalmaneser_III_RN	[?]	Enlil_d	[?]	1935	322	18	0.003		0			
Shalmaneser_III_RN	[?]	Ninurta_d	[?]	1935	165	13	0.003		0			
Shalmaneser_III_RN	[?]	Anzu_d	[?]	1935	7	3	0.003		0			
Shalmaneser_III_RN	[?]	Anu_d	[?]	1935	116	7	0.002		0			
Shalmaneser_III_RN	[?]	Sebettu_d	[?]	1935	13	3	0.002		0			
Shalmaneser_III_RN	[?]	Šamaš_d	[?]	1935	613	10	0.001		0			
Shalmaneser_III_RN	[?]	Nergal_d	[?]	1935	135	3	0.001		0			
Shalmaneser_III_RN	[?]	Marduk_d	[?]	1935	339	6	0.001		0			
Shalmaneser_III_RN	[?]	Girra_d	[?]	1935	8	1	0.001		0			
Shalmaneser_III_RN	[?]	Adad-nerari_III_RN	[?]	1935	70	2	0.001		0			
Shalmaneser_III_RN	[?]	Ea_d	[?]	1935	127	1	0.0		0			
Shalmaneser_III_RN	[?]	Šamši-Adad_V_RN	[?]	1935	166	2	0.0		0			
Shalmaneser_III_RN	[?]	Ashurnasirpal_II_RN	[?]	1935	1662	1	0.0		0			
Shalmaneser_IV_RN	[?]	Shalmaneser_IV_RN	[?]	17	17	7	0.046		0			
Shalmaneser_IV_RN	[?]	Marduk_d	[?]	17	339	2	0.003		0			
Shalmaneser_IV_RN	[?]	Adad_d	[?]	17	276	2	0.003		0			
Shalmaneser_IV_RN	[?]	Aššur_d	[?]	17	1780	3	0.002		0			
Shalmaneser_IV_RN	[?]	Sin_d	[?]	17	315	1	0.002		0			
Shalmaneser_IV_RN	[?]	Šamaš_d	[?]	17	613	2	0.002		0			
Sin-šarru-iškun_RN	[?]	Sin-šarru-iškun_RN	[?]	138	138	77	0.062		0			
Sin-šarru-iškun_RN	[?]	Ištar-Aššuritu_d	[?]	138	11	3	0.009		0			
Sin-šarru-iškun_RN	[?]	Nabu_d	[?]	138	307	14	0.008		0			
Sin-šarru-iškun_RN	[?]	Tašmetu_d	[?]	138	63	7	0.008		0			
Sin-šarru-iškun_RN	[?]	Belet-ili_d	[?]	138	47	4	0.006		0			
Sin-šarru-iškun_RN	[?]	Antu_d	[?]	138	14	2	0.005		0			
Sin-šarru-iškun_RN	[?]	Nisaba_d	[?]	138	27	2	0.004		0			
Sin-šarru-iškun_RN	[?]	Ea_d	[?]	138	127	4	0.003		0			
Sin-šarru-iškun_RN	[?]	Bel_d	[?]	138	192	4	0.003		0			
Sin-šarru-iškun_RN	[?]	Mullissu_d	[?]	138	158	2	0.002		0			
Sin-šarru-iškun_RN	[?]	Nergal_d	[?]	138	135	2	0.002		0			
Sin-šarru-iškun_RN	[?]	Aššur_d	[?]	138	1780	4	0.001		0			
Sin-šarru-iškun_RN	[?]	Sin_d	[?]	138	315	2	0.001		0			
Sin-šarru-iškun_RN	[?]	Šamaš_d	[?]	138	613	2	0.001		0			
Sin-šarru-iškun_RN	[?]	Ninurta_d	[?]	138	165	2	0.001		0			
Sin-šarru-iškun_RN	[?]	Ištar_d	[?]	138	326	1	0.001		0			
Sin-šarru-iškun_RN	[?]	Enlil_d	[?]	138	322	2	0.001		0			
Sin_d	[?]	Šamaš_d	[?]	315	613	196	0.05		0			
Sin_d	[?]	Ištar_Nineveh_d	[?]	315	114	75	0.044		0			
Sin_d	[?]	Ištar_Arbail_d	[?]	315	111	70	0.042		0			
Sin_d	[?]	Nabu_d	[?]	315	307	108	0.039		0			
Sin_d	[?]	Nergal_d	[?]	315	135	64	0.034		0			
Sin_d	[?]	Bel_d	[?]	315	192	73	0.033		0			
Sin_d	[?]	Ningal_d	[?]	315	32	27	0.03		0			
Sin_d	[?]	Nusku_d	[?]	315	87	41	0.028		0			
Sin_d	[?]	Adad_d	[?]	315	276	72	0.027		0			
Sin_d	[?]	Šarrat-Kidmuri_d	[?]	315	26	22	0.027		0			
Sin_d	[?]	Ninurta_d	[?]	315	165	54	0.026		0			
Sin_d	[?]	Aya_d	[?]	315	16	15	0.023		0			
Sin_d	[?]	Ištar-Bit-Kidmuri_d	[?]	315	8	8	0.018		0			
Sin_d	[?]	Marduk_d	[?]	315	339	32	0.011		0			
Sin_d	[?]	Ashurbanipal_RN	[?]	315	3438	84	0.009		0			
Sin_d	[?]	Ištar_d	[?]	315	326	23	0.008		0			
Sin_d	[?]	Nanna_d	[?]	315	9	4	0.008		0			
Sin_d	[?]	Anu_d	[?]	315	116	12	0.007		0			
Sin_d	[?]	Tašmetu_d	[?]	315	63	9	0.007		0			
Sin_d	[?]	Belet-ili_d	[?]	315	47	7	0.006		0			
Sin_d	[?]	Ea_d	[?]	315	127	10	0.006		0			
Sin_d	[?]	Zarpanitu_d	[?]	315	61	7	0.006		0			
Sin_d	[?]	Sebettu_d	[?]	315	13	3	0.005		0			
Sin_d	[?]	Kippat-mati_d	[?]	315	15	3	0.005		0			
Sin_d	[?]	Antu_d	[?]	315	14	3	0.005		0			
Sin_d	[?]	Šala_d	[?]	315	12	3	0.005		0			
Sin_d	[?]	Kutatati_d	[?]	315	6	2	0.005		0			
Sin_d	[?]	Gula_d	[?]	315	21	3	0.004		0			
Sin_d	[?]	Kakka_d	[?]	315	9	2	0.004		0			
Sin_d	[?]	Uraš_d	[?]	315	8	2	0.004		0			
Sin_d	[?]	Šeruʾa_d	[?]	315	39	4	0.004		0			
Sin_d	[?]	Ea-šarru_d	[?]	315	5	1	0.003		0			
Sin_d	[?]	Šarrat-nipha_d	[?]	315	15	2	0.003		0			
Sin_d	[?]	Kidmuru_d	[?]	315	6	1	0.003		0			
Sin_d	[?]	Belet-Nineveh_d	[?]	315	6	1	0.003		0			
Sin_d	[?]	Beltiya_d	[?]	315	19	2	0.003		0			
Sin_d	[?]	Ashurnasirpal_II_RN	[?]	315	1662	13	0.002		0			
Sin_d	[?]	Haya_d	[?]	315	10	1	0.002		0			
Sin_d	[?]	Kusu_d	[?]	315	11	1	0.002		0			
Sin_d	[?]	Esarhaddon_RN	[?]	315	1506	14	0.002		0			
Sin_d	[?]	Enlil_d	[?]	315	322	7	0.002		0			
Sin_d	[?]	Belet-Babili_d	[?]	315	7	1	0.002		0			
Sin_d	[?]	Belet-parṣi_d	[?]	315	8	1	0.002		0			
Sin_d	[?]	Sargon_II_RN	[?]	315	1915	16	0.002		0			
Sin_d	[?]	Ninšiku_d	[?]	315	14	1	0.002		0			
Sin_d	[?]	Damkina_d	[?]	315	12	1	0.002		0			
Sin_d	[?]	Aššur_d	[?]	315	1780	8	0.001		0			
Sin_d	[?]	Adad-nerari_III_RN	[?]	315	70	1	0.001		0			
Sin_d	[?]	Sennacherib_RN	[?]	315	2798	9	0.001		0			
Sin_d	[?]	Nanaya_d	[?]	315	32	1	0.001		0			
Sin_d	[?]	Sin_d	[?]	315	315	4	0.001		0			
Sin_d	[?]	Sin-šarru-iškun_RN	[?]	315	138	2	0.001		0			
Sin_d	[?]	Shalmaneser_III_RN	[?]	315	1935	3	0.0		0			
Sin_d	[?]	Mullissu_d	[?]	315	158	1	0.0		0			
Tašmetu_d	[?]	Sin-šarru-iškun_RN	[?]	63	138	22	0.026		0			
Tašmetu_d	[?]	Kutatati_d	[?]	63	6	4	0.023		0			
Tašmetu_d	[?]	Laṣ_d	[?]	63	6	3	0.017		0			
Tašmetu_d	[?]	Nusku_d	[?]	63	87	11	0.017		0			
Tašmetu_d	[?]	Ištar-Aššuritu_d	[?]	63	11	4	0.017		0			
Tašmetu_d	[?]	Ištar_Nineveh_d	[?]	63	114	9	0.012		0			
Tašmetu_d	[?]	Tašmetu_d	[?]	63	63	7	0.012		0			
Tašmetu_d	[?]	Nanaya_d	[?]	63	32	3	0.007		0			
Tašmetu_d	[?]	Nergal_d	[?]	63	135	6	0.007		0			
Tašmetu_d	[?]	Ištar_Arbail_d	[?]	63	111	5	0.007		0			
Tašmetu_d	[?]	Šimati_d	[?]	63	5	1	0.006		0			
Tašmetu_d	[?]	Šarrat-eqi_d	[?]	63	5	1	0.006		0			
Tašmetu_d	[?]	Bel-agu_d	[?]	63	6	1	0.006		0			
Tašmetu_d	[?]	Ištar-Bit-Kidmuri_d	[?]	63	8	1	0.005		0			
Tašmetu_d	[?]	Kakka_d	[?]	63	9	1	0.005		0			
Tašmetu_d	[?]	Nabu_d	[?]	63	307	5	0.004		0			
Tašmetu_d	[?]	Kippat-mati_d	[?]	63	15	1	0.004		0			
Tašmetu_d	[?]	Šarrat-Kidmuri_d	[?]	63	26	1	0.003		0			
Tašmetu_d	[?]	Dagan_d	[?]	63	24	1	0.003		0			
Tašmetu_d	[?]	Tiglath-pileser_III_RN	[?]	63	534	4	0.002		0			
Tašmetu_d	[?]	Aššur_d	[?]	63	1780	6	0.002		0			
Tašmetu_d	[?]	Sin_d	[?]	63	315	3	0.002		0			
Tašmetu_d	[?]	Šamaš_d	[?]	63	613	3	0.002		0			
Tašmetu_d	[?]	Adad_d	[?]	63	276	2	0.002		0			
Tašmetu_d	[?]	Marduk_d	[?]	63	339	1	0.001		0			
Tašmetu_d	[?]	Esarhaddon_RN	[?]	63	1506	2	0.001		0			
Tašmetu_d	[?]	Ninurta_d	[?]	63	165	1	0.001		0			
Tašmetu_d	[?]	Ashurbanipal_RN	[?]	63	3438	3	0.001		0			
Tašmetu_d	[?]	Bel_d	[?]	63	192	1	0.001		0			
Tašmetu_d	[?]	Sargon_II_RN	[?]	63	1915	2	0.001		0			
Tašmetu_d	[?]	Ea_d	[?]	63	127	1	0.001		0			
Tašmetu_d	[?]	Enlil_d	[?]	63	322	1	0.001		0			
Tiamat_d	[?]	Šarur_d	[?]	7	6	1	0.017		0			
Tiamat_d	[?]	Tiamat_d	[?]	7	7	1	0.016		0			
Tiamat_d	[?]	Sennacherib_RN	[?]	7	2798	2	0.002		0			
Tiamat_d	[?]	Aššur_d	[?]	7	1780	1	0.001		0			
Tiglath-pileser_III_RN	[?]	Tiglath-pileser_III_RN	[?]	534	534	505	0.105		0			
Tiglath-pileser_III_RN	[?]	Aššur_d	[?]	534	1780	40	0.005		0			
Tiglath-pileser_III_RN	[?]	Amurru_d	[?]	534	8	3	0.005		0			
Tiglath-pileser_III_RN	[?]	Kakka_d	[?]	534	9	1	0.002		0			
Tiglath-pileser_III_RN	[?]	Enlil_d	[?]	534	322	3	0.001		0			
Tiglath-pileser_III_RN	[?]	Šamaš_d	[?]	534	613	3	0.001		0			
Tiglath-pileser_III_RN	[?]	Ištar_d	[?]	534	326	2	0.001		0			
Tiglath-pileser_III_RN	[?]	Ištar_Nineveh_d	[?]	534	114	1	0.0		0			
Tiglath-pileser_III_RN	[?]	Adad_d	[?]	534	276	1	0.0		0			
Tiglath-pileser_III_RN	[?]	Marduk_d	[?]	534	339	1	0.0		0			
Tiglath-pileser_III_RN	[?]	Ninurta_d	[?]	534	165	1	0.0		0			
Tišpak_d	[?]	Ea-šarru_d	[?]	5	5	1	0.022		0			
Tišpak_d	[?]	Kakka_d	[?]	5	9	1	0.017		0			
Tišpak_d	[?]	Haya_d	[?]	5	10	1	0.016		0			
Tišpak_d	[?]	Madanu_d	[?]	5	10	1	0.016		0			
Tišpak_d	[?]	Kusu_d	[?]	5	11	1	0.015		0			
Tišpak_d	[?]	Sebettu_d	[?]	5	13	1	0.014		0			
Tišpak_d	[?]	Damkina_d	[?]	5	12	1	0.014		0			
Tišpak_d	[?]	Šeruʾa_d	[?]	5	39	1	0.008		0			
Tišpak_d	[?]	Sin_d	[?]	5	315	2	0.006		0			
Tišpak_d	[?]	Nusku_d	[?]	5	87	1	0.005		0			
Tišpak_d	[?]	Anu_d	[?]	5	116	1	0.005		0			
Tišpak_d	[?]	Ninurta_d	[?]	5	165	1	0.004		0			
Tišpak_d	[?]	Ea_d	[?]	5	127	1	0.004		0			
Tišpak_d	[?]	Šamaš_d	[?]	5	613	2	0.004		0			
Tišpak_d	[?]	Aššur_d	[?]	5	1780	1	0.001		0			
Tukulti-Ninurta_II_RN	[?]	Tukulti-Ninurta_II_RN	[?]	179	179	163	0.101		0			
Tukulti-Ninurta_II_RN	[?]	Aššur_d	[?]	179	1780	11	0.002		0			
Tukulti-Ninurta_II_RN	[?]	Ninurta_d	[?]	179	165	2	0.001		0			
Tukulti-Ninurta_II_RN	[?]	Adad_d	[?]	179	276	2	0.001		0			
Tukulti-Ninurta_II_RN	[?]	Sin_d	[?]	179	315	1	0.0		0			
Tukulti-Ninurta_II_RN	[?]	Šamaš_d	[?]	179	613	1	0.0		0			
Uraš_d	[?]	Šimati_d	[?]	8	5	2	0.035		0			
Uraš_d	[?]	Šarrat-eqi_d	[?]	8	5	2	0.035		0			
Uraš_d	[?]	Aššur-etel-ilani_RN	[?]	8	5	1	0.018		0			
Uraš_d	[?]	Belet-ekalli_d	[?]	8	6	1	0.016		0			
Uraš_d	[?]	Anzu_d	[?]	8	7	1	0.015		0			
Uraš_d	[?]	Šeruʾa_d	[?]	8	39	2	0.013		0			
Uraš_d	[?]	Belet-ili_d	[?]	8	47	2	0.011		0			
Uraš_d	[?]	Nergal_d	[?]	8	135	2	0.007		0			
Uraš_d	[?]	Ištar_Nineveh_d	[?]	8	114	2	0.007		0			
Uraš_d	[?]	Ištar_Arbail_d	[?]	8	111	2	0.007		0			
Uraš_d	[?]	Mullissu_d	[?]	8	158	2	0.006		0			
Uraš_d	[?]	Ištar_d	[?]	8	326	1	0.002		0			
Utulu_d	[?]	Šamši-Adad_V_RN	[?]	5	166	1	0.004		0			
Utulu_d	[?]	Šamaš_d	[?]	5	613	1	0.002		0			
Zababa_d	[?]	Damkina_d	[?]	7	12	3	0.036		0			
Zababa_d	[?]	Kakka_d	[?]	7	9	2	0.028		0			
Zababa_d	[?]	Belet-ili_d	[?]	7	47	3	0.018		0			
Zababa_d	[?]	Amurru_d	[?]	7	8	1	0.015		0			
Zababa_d	[?]	Haya_d	[?]	7	10	1	0.013		0			
Zababa_d	[?]	Madanu_d	[?]	7	10	1	0.013		0			
Zababa_d	[?]	Ea_d	[?]	7	127	3	0.011		0			
Zababa_d	[?]	Ninurta_d	[?]	7	165	3	0.01		0			
Zababa_d	[?]	Gula_d	[?]	7	21	1	0.009		0			
Zababa_d	[?]	Nergal_d	[?]	7	135	2	0.007		0			
Zababa_d	[?]	Nusku_d	[?]	7	87	1	0.005		0			
Zababa_d	[?]	Sennacherib_RN	[?]	7	2798	4	0.003		0			
Zababa_d	[?]	Marduk_d	[?]	7	339	1	0.002		0			
Zarpanitu_d	[?]	Tašmetu_d	[?]	61	63	30	0.054		0			
Zarpanitu_d	[?]	Nabu_d	[?]	61	307	34	0.028		0			
Zarpanitu_d	[?]	Laṣ_d	[?]	61	6	3	0.017		0			
Zarpanitu_d	[?]	Nergal_d	[?]	61	135	6	0.007		0			
Zarpanitu_d	[?]	Ištar_Nineveh_d	[?]	61	114	5	0.007		0			
Zarpanitu_d	[?]	Ištar_Arbail_d	[?]	61	111	5	0.007		0			
Zarpanitu_d	[?]	Nanaya_d	[?]	61	32	2	0.005		0			
Zarpanitu_d	[?]	Ištar-Bit-Kidmuri_d	[?]	61	8	1	0.005		0			
Zarpanitu_d	[?]	Nusku_d	[?]	61	87	3	0.005		0			
Zarpanitu_d	[?]	Sin-šarru-iškun_RN	[?]	61	138	4	0.005		0			
Zarpanitu_d	[?]	Beltiya_d	[?]	61	19	1	0.003		0			
Zarpanitu_d	[?]	Esarhaddon_RN	[?]	61	1506	8	0.003		0			
Zarpanitu_d	[?]	Šarrat-Kidmuri_d	[?]	61	26	1	0.003		0			
Zarpanitu_d	[?]	Ningal_d	[?]	61	32	1	0.003		0			
Zarpanitu_d	[?]	Tiglath-pileser_III_RN	[?]	61	534	4	0.002		0			
Zarpanitu_d	[?]	Sin_d	[?]	61	315	2	0.002		0			
Zarpanitu_d	[?]	Bel_d	[?]	61	192	2	0.002		0			
Zarpanitu_d	[?]	Ashurbanipal_RN	[?]	61	3438	10	0.002		0			
Zarpanitu_d	[?]	Belet-ili_d	[?]	61	47	1	0.002		0			
Zarpanitu_d	[?]	Aššur_d	[?]	61	1780	3	0.001		0			
Zarpanitu_d	[?]	Šamaš_d	[?]	61	613	1	0.001		0			
Zarpanitu_d	[?]	Adad_d	[?]	61	276	1	0.001		0			
Zarpanitu_d	[?]	Mullissu_d	[?]	61	158	1	0.001		0			
Zarpanitu_d	[?]	Ninurta_d	[?]	61	165	1	0.001		0			
Zarpanitu_d	[?]	Marduk_d	[?]	61	339	1	0.001		0			
Zarpanitu_d	[?]	Sargon_II_RN	[?]	61	1915	2	0.001		0			
Šakkan_d	[?]	Tišpak_d	[?]	6	5	1	0.02		0			
Šakkan_d	[?]	Haya_d	[?]	6	10	1	0.014		0			
Šakkan_d	[?]	Kusu_d	[?]	6	11	1	0.014		0			
Šakkan_d	[?]	Enlil_d	[?]	6	322	2	0.005		0			
Šakkan_d	[?]	Ninurta_d	[?]	6	165	1	0.004		0			
Šakkan_d	[?]	Ea_d	[?]	6	127	1	0.004		0			
Šakkan_d	[?]	Ištar_Nineveh_d	[?]	6	114	1	0.004		0			
Šakkan_d	[?]	Šamaš_d	[?]	6	613	1	0.002		0			
Šakkan_d	[?]	Ashurbanipal_RN	[?]	6	3438	1	0.001		0			
Šala_d	[?]	Damkina_d	[?]	12	12	3	0.028		0			
Šala_d	[?]	Zababa_d	[?]	12	7	2	0.024		0			
Šala_d	[?]	Belet-ili_d	[?]	12	47	4	0.019		0			
Šala_d	[?]	Šarrat-nipha_d	[?]	12	15	2	0.017		0			
Šala_d	[?]	Gula_d	[?]	12	21	2	0.014		0			
Šala_d	[?]	Ištar-Bit-Kidmuri_d	[?]	12	8	1	0.011		0			
Šala_d	[?]	Haya_d	[?]	12	10	1	0.01		0			
Šala_d	[?]	Kusu_d	[?]	12	11	1	0.01		0			
Šala_d	[?]	Ištar-Aššuritu_d	[?]	12	11	1	0.01		0			
Šala_d	[?]	Ea_d	[?]	12	127	3	0.009		0			
Šala_d	[?]	Nisaba_d	[?]	12	27	1	0.006		0			
Šala_d	[?]	Ninurta_d	[?]	12	165	2	0.005		0			
Šala_d	[?]	Sin-šarru-iškun_RN	[?]	12	138	2	0.005		0			
Šala_d	[?]	Sin_d	[?]	12	315	2	0.004		0			
Šala_d	[?]	Nergal_d	[?]	12	135	1	0.003		0			
Šala_d	[?]	Nusku_d	[?]	12	87	1	0.003		0			
Šala_d	[?]	Ištar_Nineveh_d	[?]	12	114	1	0.003		0			
Šala_d	[?]	Ištar_Arbail_d	[?]	12	111	1	0.003		0			
Šala_d	[?]	Nabu_d	[?]	12	307	1	0.002		0			
Šala_d	[?]	Adad_d	[?]	12	276	1	0.002		0			
Šamaš_d	[?]	Adad_d	[?]	613	276	125	0.034		0			
Šamaš_d	[?]	Ištar_Nineveh_d	[?]	613	114	79	0.033		0			
Šamaš_d	[?]	Ištar_Arbail_d	[?]	613	111	74	0.032		0			
Šamaš_d	[?]	Nabu_d	[?]	613	307	115	0.029		0			
Šamaš_d	[?]	Bel_d	[?]	613	192	80	0.026		0			
Šamaš_d	[?]	Nergal_d	[?]	613	135	65	0.025		0			
Šamaš_d	[?]	Ninurta_d	[?]	613	165	61	0.021		0			
Šamaš_d	[?]	Nusku_d	[?]	613	87	39	0.019		0			
Šamaš_d	[?]	Šarrat-Kidmuri_d	[?]	613	26	22	0.019		0			
Šamaš_d	[?]	Aya_d	[?]	613	16	15	0.017		0			
Šamaš_d	[?]	Marduk_d	[?]	613	339	56	0.014		0			
Šamaš_d	[?]	Ištar-Bit-Kidmuri_d	[?]	613	8	8	0.013		0			
Šamaš_d	[?]	Esarhaddon_RN	[?]	613	1506	96	0.011		0			
Šamaš_d	[?]	Ištar_d	[?]	613	326	29	0.007		0			
Šamaš_d	[?]	Belet-ili_d	[?]	613	47	11	0.007		0			
Šamaš_d	[?]	Kusu_d	[?]	613	11	5	0.007		0			
Šamaš_d	[?]	Asalluhi_d	[?]	613	5	3	0.006		0			
Šamaš_d	[?]	Ashurnasirpal_II_RN	[?]	613	1662	42	0.005		0			
Šamaš_d	[?]	Kippat-mati_d	[?]	613	15	4	0.005		0			
Šamaš_d	[?]	Zarpanitu_d	[?]	613	61	8	0.005		0			
Šamaš_d	[?]	Tašmetu_d	[?]	613	63	8	0.005		0			
Šamaš_d	[?]	Ashurbanipal_RN	[?]	613	3438	67	0.005		0			
Šamaš_d	[?]	Enlil_d	[?]	613	322	15	0.004		0			
Šamaš_d	[?]	Anu_d	[?]	613	116	9	0.004		0			
Šamaš_d	[?]	Shalmaneser_III_RN	[?]	613	1935	41	0.004		0			
Šamaš_d	[?]	Antu_d	[?]	613	14	3	0.004		0			
Šamaš_d	[?]	Šala_d	[?]	613	12	3	0.004		0			
Šamaš_d	[?]	Ea_d	[?]	613	127	11	0.004		0			
Šamaš_d	[?]	Sargon_II_RN	[?]	613	1915	35	0.004		0			
Šamaš_d	[?]	Šamaš_d	[?]	613	613	14	0.003		0			
Šamaš_d	[?]	Adad-nerari_III_RN	[?]	613	70	6	0.003		0			
Šamaš_d	[?]	Damkina_d	[?]	613	12	2	0.003		0			
Šamaš_d	[?]	Kakka_d	[?]	613	9	2	0.003		0			
Šamaš_d	[?]	Haya_d	[?]	613	10	2	0.003		0			
Šamaš_d	[?]	Uraš_d	[?]	613	8	2	0.003		0			
Šamaš_d	[?]	Kidmuru_d	[?]	613	6	1	0.002		0			
Šamaš_d	[?]	Sin_d	[?]	613	315	6	0.002		0			
Šamaš_d	[?]	Mullissu_d	[?]	613	158	5	0.002		0			
Šamaš_d	[?]	Nanaya_d	[?]	613	32	2	0.002		0			
Šamaš_d	[?]	Belet-Nineveh_d	[?]	613	6	1	0.002		0			
Šamaš_d	[?]	Tiamat_d	[?]	613	7	1	0.002		0			
Šamaš_d	[?]	Sebettu_d	[?]	613	13	2	0.002		0			
Šamaš_d	[?]	Beltiya_d	[?]	613	19	2	0.002		0			
Šamaš_d	[?]	Kusibanda_d	[?]	613	5	1	0.002		0			
Šamaš_d	[?]	Belet-parṣi_d	[?]	613	8	1	0.002		0			
Šamaš_d	[?]	Kittu_d	[?]	613	5	1	0.002		0			
Šamaš_d	[?]	Anunnaki_d	[?]	613	31	1	0.001		0			
Šamaš_d	[?]	Dagan_d	[?]	613	24	1	0.001		0			
Šamaš_d	[?]	Aššur_d	[?]	613	1780	13	0.001		0			
Šamaš_d	[?]	Šamši-Adad_V_RN	[?]	613	166	4	0.001		0			
Šamaš_d	[?]	Aššur-dan_II_RN	[?]	613	112	3	0.001		0			
Šamaš_d	[?]	Adad-nerari_II_RN	[?]	613	205	3	0.001		0			
Šamaš_d	[?]	Tiglath-pileser_III_RN	[?]	613	534	4	0.001		0			
Šamaš_d	[?]	Sennacherib_RN	[?]	613	2798	17	0.001		0			
Šamaš_d	[?]	Ninkura_d	[?]	613	11	1	0.001		0			
Šamaš_d	[?]	Ninagal_d	[?]	613	16	1	0.001		0			
Šamaš_d	[?]	Erra_d	[?]	613	19	1	0.001		0			
Šamaš_d	[?]	Sin-šarru-iškun_RN	[?]	613	138	2	0.001		0			
Šamaš_d	[?]	Šeruʾa_d	[?]	613	39	1	0.001		0			
Šamaš_d	[?]	Gula_d	[?]	613	21	1	0.001		0			
Šamaš_d	[?]	Tukulti-Ninurta_II_RN	[?]	613	179	1	0.0		0			
Šamši-Adad_V_RN	[?]	Šamši-Adad_V_RN	[?]	166	166	185	0.124		0			
Šamši-Adad_V_RN	[?]	Aššur_d	[?]	166	1780	18	0.004		0			
Šamši-Adad_V_RN	[?]	Gula_d	[?]	166	21	2	0.004		0			
Šamši-Adad_V_RN	[?]	Nanaya_d	[?]	166	32	2	0.003		0			
Šamši-Adad_V_RN	[?]	Enlil_d	[?]	166	322	5	0.002		0			
Šamši-Adad_V_RN	[?]	Marduk_d	[?]	166	339	2	0.001		0			
Šamši-Adad_V_RN	[?]	Shalmaneser_III_RN	[?]	166	1935	5	0.001		0			
Šamši-Adad_V_RN	[?]	Adad-nerari_III_RN	[?]	166	70	1	0.001		0			
Šamši-Adad_V_RN	[?]	Šamaš_d	[?]	166	613	1	0.0		0			
Šarrat-Kidmuri_d	[?]	Ištar_Arbail_d	[?]	26	111	22	0.046		0			
Šarrat-Kidmuri_d	[?]	Nusku_d	[?]	26	87	19	0.044		0			
Šarrat-Kidmuri_d	[?]	Nergal_d	[?]	26	135	21	0.039		0			
Šarrat-Kidmuri_d	[?]	Ninurta_d	[?]	26	165	21	0.036		0			
Šarrat-Kidmuri_d	[?]	Belet-parṣi_d	[?]	26	8	1	0.008		0			
Šarrat-Kidmuri_d	[?]	Ashurbanipal_RN	[?]	26	3438	17	0.006		0			
Šarrat-Kidmuri_d	[?]	Ashurnasirpal_II_RN	[?]	26	1662	1	0.001		0			
Šarrat-Kidmuri_d	[?]	Aššur_d	[?]	26	1780	1	0.001		0			
Šarrat-eqi_d	[?]	Šimati_d	[?]	5	5	2	0.044		0			
Šarrat-eqi_d	[?]	Damkina_d	[?]	5	12	2	0.029		0			
Šarrat-eqi_d	[?]	Belet-parṣi_d	[?]	5	8	1	0.018		0			
Šarrat-eqi_d	[?]	Amurru_d	[?]	5	8	1	0.018		0			
Šarrat-eqi_d	[?]	Uraš_d	[?]	5	8	1	0.018		0			
Šarrat-eqi_d	[?]	Šarrat-nipha_d	[?]	5	15	1	0.013		0			
Šarrat-eqi_d	[?]	Gula_d	[?]	5	21	1	0.011		0			
Šarrat-eqi_d	[?]	Ea_d	[?]	5	127	2	0.009		0			
Šarrat-eqi_d	[?]	Marduk_d	[?]	5	339	1	0.003		0			
Šarrat-nipha_d	[?]	Belet-ekalli_d	[?]	15	6	4	0.047		0			
Šarrat-nipha_d	[?]	Tišpak_d	[?]	15	5	2	0.026		0			
Šarrat-nipha_d	[?]	Gula_d	[?]	15	21	2	0.013		0			
Šarrat-nipha_d	[?]	Ea-šarru_d	[?]	15	5	1	0.013		0			
Šarrat-nipha_d	[?]	Šarrat-eqi_d	[?]	15	5	1	0.013		0			
Šarrat-nipha_d	[?]	Kidmuru_d	[?]	15	6	1	0.012		0			
Šarrat-nipha_d	[?]	Belet-parṣi_d	[?]	15	8	1	0.01		0			
Šarrat-nipha_d	[?]	Sebettu_d	[?]	15	13	1	0.008		0			
Šarrat-nipha_d	[?]	Šarrat-nipha_d	[?]	15	15	1	0.007		0			
Šarrat-nipha_d	[?]	Sin_d	[?]	15	315	4	0.006		0			
Šarrat-nipha_d	[?]	Anu_d	[?]	15	116	2	0.005		0			
Šarrat-nipha_d	[?]	Šeruʾa_d	[?]	15	39	1	0.005		0			
Šarrat-nipha_d	[?]	Shalmaneser_III_RN	[?]	15	1935	4	0.003		0			
Šarrat-nipha_d	[?]	Ea_d	[?]	15	127	1	0.003		0			
Šarrat-nipha_d	[?]	Adad_d	[?]	15	276	1	0.002		0			
Šarrat-nipha_d	[?]	Ashurnasirpal_II_RN	[?]	15	1662	2	0.001		0			
Šarur_d	[?]	Tišpak_d	[?]	6	5	1	0.02		0			
Šarur_d	[?]	Kakka_d	[?]	6	9	1	0.015		0			
Šarur_d	[?]	Madanu_d	[?]	6	10	1	0.014		0			
Šarur_d	[?]	Kusu_d	[?]	6	11	1	0.014		0			
Šarur_d	[?]	Nusku_d	[?]	6	87	1	0.005		0			
Šarur_d	[?]	Aššur_d	[?]	6	1780	4	0.004		0			
Šarur_d	[?]	Ninurta_d	[?]	6	165	1	0.004		0			
Šarur_d	[?]	Esarhaddon_RN	[?]	6	1506	1	0.001		0			
Šeruʾa_d	[?]	Kippat-mati_d	[?]	39	15	9	0.041		0			
Šeruʾa_d	[?]	Kutatati_d	[?]	39	6	3	0.022		0			
Šeruʾa_d	[?]	Šeruʾa_d	[?]	39	39	6	0.017		0			
Šeruʾa_d	[?]	Tašmetu_d	[?]	39	63	7	0.016		0			
Šeruʾa_d	[?]	Antu_d	[?]	39	14	3	0.014		0			
Šeruʾa_d	[?]	Ningal_d	[?]	39	32	4	0.013		0			
Šeruʾa_d	[?]	Ištar-Bit-Kidmuri_d	[?]	39	8	2	0.013		0			
Šeruʾa_d	[?]	Ištar_Nineveh_d	[?]	39	114	8	0.013		0			
Šeruʾa_d	[?]	Sin_d	[?]	39	315	12	0.012		0			
Šeruʾa_d	[?]	Šala_d	[?]	39	12	2	0.01		0			
Šeruʾa_d	[?]	Belet-ili_d	[?]	39	47	4	0.01		0			
Šeruʾa_d	[?]	Aya_d	[?]	39	16	2	0.009		0			
Šeruʾa_d	[?]	Šamaš_d	[?]	39	613	11	0.008		0			
Šeruʾa_d	[?]	Laṣ_d	[?]	39	6	1	0.007		0			
Šeruʾa_d	[?]	Anu_d	[?]	39	116	4	0.007		0			
Šeruʾa_d	[?]	Ištar_Arbail_d	[?]	39	111	4	0.007		0			
Šeruʾa_d	[?]	Šakkan_d	[?]	39	6	1	0.007		0			
Šeruʾa_d	[?]	Bel-agu_d	[?]	39	6	1	0.007		0			
Šeruʾa_d	[?]	Kakka_d	[?]	39	9	1	0.006		0			
Šeruʾa_d	[?]	Haya_d	[?]	39	10	1	0.006		0			
Šeruʾa_d	[?]	Mullissu_d	[?]	39	158	4	0.006		0			
Šeruʾa_d	[?]	Adad_d	[?]	39	276	5	0.005		0			
Šeruʾa_d	[?]	Kusu_d	[?]	39	11	1	0.005		0			
Šeruʾa_d	[?]	Ea_d	[?]	39	127	3	0.005		0			
Šeruʾa_d	[?]	Gula_d	[?]	39	21	1	0.004		0			
Šeruʾa_d	[?]	Nusku_d	[?]	39	87	2	0.004		0			
Šeruʾa_d	[?]	Dagan_d	[?]	39	24	1	0.004		0			
Šeruʾa_d	[?]	Nanaya_d	[?]	39	32	1	0.003		0			
Šeruʾa_d	[?]	Nergal_d	[?]	39	135	2	0.003		0			
Šeruʾa_d	[?]	Zarpanitu_d	[?]	39	61	1	0.002		0			
Šeruʾa_d	[?]	Enlil_d	[?]	39	322	2	0.002		0			
Šeruʾa_d	[?]	Aššur_d	[?]	39	1780	4	0.002		0			
Šeruʾa_d	[?]	Bel_d	[?]	39	192	1	0.001		0			
Šeruʾa_d	[?]	Nabu_d	[?]	39	307	1	0.001		0			
Šeruʾa_d	[?]	Ninurta_d	[?]	39	165	1	0.001		0			
Šeruʾa_d	[?]	Esarhaddon_RN	[?]	39	1506	1	0.0		0			
Šeruʾa_d	[?]	Sennacherib_RN	[?]	39	2798	1	0.0		0			
Šimati_d	[?]	Šarrat-eqi_d	[?]	5	5	2	0.044		0			
Šimati_d	[?]	Belet-Nineveh_d	[?]	5	6	1	0.02		0			
Šimati_d	[?]	Damkina_d	[?]	5	12	1	0.014		0			
Šimati_d	[?]	Šarrat-nipha_d	[?]	5	15	1	0.013		0			
Šimati_d	[?]	Ea_d	[?]	5	127	1	0.004		0			
Šimati_d	[?]	Marduk_d	[?]	5	339	1	0.003		0			
