Adad-nerari_III_RN;Adad-nerari_III_RN;21
Adad-nerari_III_RN;Šamši-Adad_V_RN;9
Adad-nerari_III_RN;Enlil_d;10
Adad-nerari_III_RN;Shalmaneser_IV_RN;2
Adad-nerari_III_RN;Aššur_d;10
Adad-nerari_III_RN;Sin_d;1
Adad-nerari_III_RN;Marduk_d;1
Adad-nerari_III_RN;Adad_d;1
Adad-nerari_III_RN;Ištar_d;1
Adad-nerari_III_RN;Nabu_d;1
Adad-nerari_III_RN;Shalmaneser_III_RN;3
Adad-nerari_II_RN;Adad-nerari_II_RN;224
Adad-nerari_II_RN;Aššur_d;16
Adad-nerari_II_RN;Girra_d;1
Adad-nerari_II_RN;Gula_d;2
Adad-nerari_II_RN;Ištar_d;3
Adad-nerari_II_RN;Ninurta_d;2
Adad-nerari_II_RN;Nergal_d;2
Adad-nerari_II_RN;Enlil_d;1
Adad-nerari_II_RN;Adad_d;1
Adad_d;Šala_d;15
Adad_d;Ber_d;16
Adad_d;Nergal_d;38
Adad_d;Ištar-Bit-Kidmuri_d;10
Adad_d;Šarrat-Kidmuri_d;15
Adad_d;Ninurta_d;38
Adad_d;Ištar-Aššuraya_d;14
Adad_d;Erra_d;11
Adad_d;Ištar_Nineveh_d;20
Adad_d;Nusku_d;18
Adad_d;Nabu_d;32
Adad_d;Belet-ili_d;12
Adad_d;Ištar_Arbail_d;18
Adad_d;Ištar_d;25
Adad_d;Ea_d;16
Adad_d;Marduk_d;21
Adad_d;Bel_d;16
Adad_d;Baba_d;2
Adad_d;Ashurnasirpal_II_RN;36
Adad_d;Shalmaneser_III_RN;33
Adad_d;Uraš_d;3
Adad_d;Tiamat_d;2
Adad_d;Sebettu_d;3
Adad_d;Šamaš_d;19
Adad_d;Adad_d;11
Adad_d;Enlil_d;11
Adad_d;Kakka_d;2
Adad_d;Haya_d;2
Adad_d;Kusu_d;2
Adad_d;Tašmetu_d;5
Adad_d;Sargon_II_RN;28
Adad_d;Zababa_d;2
Adad_d;Sin_d;10
Adad_d;Šarrat-nipha_d;2
Adad_d;Damkina_d;2
Adad_d;Šeruʾa_d;3
Adad_d;Nisaba_d;3
Adad_d;Kubu_d;1
Adad_d;Dumuzi_d;1
Adad_d;Gula_d;2
Adad_d;Aššur_d;17
Adad_d;Šamši-Adad_V_RN;4
Adad_d;Ninlil_d;1
Adad_d;Anu_d;3
Adad_d;Sennacherib_RN;19
Adad_d;Esarhaddon_RN;12
Adad_d;Zarpanitu_d;3
Adad_d;Belet-parṣi_d;1
Adad_d;Mullissu_d;5
Adad_d;Ninšiku_d;1
Adad_d;Šakkan_d;1
Adad_d;Anzu_d;1
Adad_d;Palil_d;1
Adad_d;Adad-nerari_III_RN;2
Adad_d;Aššur-dan_II_RN;1
Adad_d;Tiglath-pileser_III_RN;2
Adad_d;Beltiya_d;1
Adad_d;Nanaya_d;1
Adad_d;Ashurbanipal_RN;8
Adad_d;Adad-nerari_II_RN;1
Amurru_d;Šarrat-eqi_d;1
Amurru_d;Tišpak_d;1
Amurru_d;Gula_d;2
Amurru_d;Kakka_d;1
Amurru_d;Haya_d;1
Amurru_d;Kusu_d;1
Amurru_d;Madanu_d;1
Amurru_d;Uraš_d;1
Amurru_d;Nusku_d;1
Amurru_d;Ninurta_d;1
Amurru_d;Shalmaneser_III_RN;3
Amurru_d;Enlil_d;1
Amurru_d;Ištar_d;1
Annunitu_d;Šarrat-eqi_d;1
Annunitu_d;Papsukkal_d;1
Annunitu_d;Dumuzi_d;1
Annunitu_d;Ulaya_d;1
Annunitu_d;Belet-ili_d;2
Annunitu_d;Madanu_d;1
Annunitu_d;Nanaya_d;1
Annunitu_d;Tašmetu_d;1
Annunitu_d;Nabu_d;2
Annunitu_d;Anu_d;1
Annunitu_d;Ninurta_d;1
Annunitu_d;Sargon_II_RN;1
Antu_d;Šala_d;4
Antu_d;Zababa_d;2
Antu_d;Damkina_d;2
Antu_d;Šimati_d;1
Antu_d;Kubu_d;1
Antu_d;Baba_d;1
Antu_d;Belet-ili_d;3
Antu_d;Ištar-Bit-Kidmuri_d;1
Antu_d;Haya_d;1
Antu_d;Kusu_d;1
Antu_d;Enlil_d;5
Antu_d;Sîn-šarru-iškun_RN;3
Antu_d;Kippat-mati_d;1
Antu_d;Adad_d;4
Antu_d;Ninurta_d;3
Antu_d;Mullissu_d;3
Antu_d;Ea_d;2
Antu_d;Nisaba_d;1
Antu_d;Ištar-Aššuraya_d;1
Antu_d;Ištar_Nineveh_d;1
Antu_d;Bel_d;1
Antu_d;Ištar_Arbail_d;1
Anu_d;Dagan_d;20
Anu_d;Ištar-Bit-Kidmuri_d;9
Anu_d;Antu_d;10
Anu_d;Adad_d;37
Anu_d;Enlil_d;36
Anu_d;Ea_d;21
Anu_d;Belet-ili_d;12
Anu_d;Anunnaki_d;7
Anu_d;Igigi_d;8
Anu_d;Sin_d;20
Anu_d;Šala_d;4
Anu_d;Kubu_d;2
Anu_d;Nergal_d;11
Anu_d;Šamaš_d;19
Anu_d;Haya_d;2
Anu_d;Kusu_d;2
Anu_d;Damkina_d;2
Anu_d;Ištar_d;9
Anu_d;Nabu_d;7
Anu_d;Šimati_d;1
Anu_d;Baba_d;1
Anu_d;Ištar-Aššuraya_d;2
Anu_d;Kakka_d;1
Anu_d;Marduk_d;7
Anu_d;Anu_d;4
Anu_d;Ninšiku_d;1
Anu_d;Uraš_d;1
Anu_d;Zababa_d;1
Anu_d;Ea-šarru_d;1
Anu_d;Aššur_d;7
Anu_d;Bel_d;3
Anu_d;Ninurta_d;3
Anu_d;Sebettu_d;1
Anu_d;Mullissu_d;3
Anu_d;Ištar_Arbail_d;2
Anu_d;Nisaba_d;1
Anu_d;Kippat-mati_d;1
Anu_d;Ashurnasirpal_II_RN;4
Anu_d;Shalmaneser_III_RN;3
Anu_d;Zarpanitu_d;1
Anu_d;Esarhaddon_RN;4
Anu_d;Sargon_II_RN;6
Anu_d;Nusku_d;1
Anu_d;Šeruʾa_d;1
Anu_d;Ištar_Nineveh_d;1
Anu_d;Sennacherib_RN;1
Anu_d;Ashurbanipal_RN;1
Anunnaki_d;Nusku_d;6
Anunnaki_d;Nergal_d;7
Anunnaki_d;Ea_d;6
Anunnaki_d;Utulu_d;1
Anunnaki_d;Enlil_d;8
Anunnaki_d;Anu_d;4
Anunnaki_d;Bel_d;3
Anunnaki_d;Šeruʾa_d;1
Anunnaki_d;Tašmetu_d;1
Anunnaki_d;Šamaš_d;1
Anunnaki_d;Ninurta_d;1
Anunnaki_d;Ištar_d;1
Anunnaki_d;Sin_d;1
Anunnaki_d;Sennacherib_RN;1
Anunnaki_d;Ashurbanipal_RN;1
Anzu_d;Malik_d;1
Anzu_d;Ulaya_d;1
Anzu_d;Mišaru_d;1
Anzu_d;Ea-šarru_d;1
Anzu_d;Kittu_d;1
Anzu_d;Damkina_d;1
Anzu_d;Ashurnasirpal_II_RN;3
Anzu_d;Mullissu_d;1
Anzu_d;Ištar_d;1
Anzu_d;Shalmaneser_III_RN;1
Asalluhi_d;Kusu_d;3
Asalluhi_d;Kusibanda_d;1
Asalluhi_d;Belet-ili_d;3
Asalluhi_d;Ninkura_d;1
Asalluhi_d;Ninagal_d;1
Asalluhi_d;Marduk_d;1
Asalluhi_d;Esarhaddon_RN;1
Asari_d;Erua_d;1
Asari_d;Asalluhi_d;1
Asari_d;Asari_d;1
Asari_d;Marduk_d;3
Asari_d;Esarhaddon_RN;1
Asari_d;Ashurbanipal_RN;1
Ashurbanipal_RN;Ashurbanipal_RN;2798
Ashurbanipal_RN;Aššur_d;306
Ashurbanipal_RN;Ištar_d;99
Ashurbanipal_RN;Sin_d;103
Ashurbanipal_RN;Bel_d;49
Ashurbanipal_RN;Nabu_d;46
Ashurbanipal_RN;Lamma-RA.BI_d;7
Ashurbanipal_RN;Mullissu_d;33
Ashurbanipal_RN;Marduk_d;40
Ashurbanipal_RN;Ištar_Arbail_d;19
Ashurbanipal_RN;Šamaš_d;53
Ashurbanipal_RN;Ištar_Nineveh_d;17
Ashurbanipal_RN;Nusku_d;17
Ashurbanipal_RN;Kusibanda_d;3
Ashurbanipal_RN;Adad_d;23
Ashurbanipal_RN;Ea_d;14
Ashurbanipal_RN;Nanna_d;4
Ashurbanipal_RN;Nergal_d;16
Ashurbanipal_RN;Erra_d;5
Ashurbanipal_RN;Beltiya_d;5
Ashurbanipal_RN;Ningal_d;8
Ashurbanipal_RN;Aya_d;5
Ashurbanipal_RN;Šarrat-Kidmuri_d;5
Ashurbanipal_RN;Nanaya_d;5
Ashurbanipal_RN;Kulla_d;4
Ashurbanipal_RN;Esarhaddon_RN;45
Ashurbanipal_RN;Enlil_d;10
Ashurbanipal_RN;Anu_d;5
Ashurbanipal_RN;Nisaba_d;2
Ashurbanipal_RN;Ninagal_d;3
Ashurbanipal_RN;Ninurta_d;8
Ashurbanipal_RN;Belet-parṣi_d;1
Ashurbanipal_RN;Ištar-Aššuraya_d;2
Ashurbanipal_RN;Palil_d;1
Ashurbanipal_RN;Šeruʾa_d;2
Ashurbanipal_RN;Ištar-Uruk_d;1
Ashurbanipal_RN;Gula_d;1
Ashurbanipal_RN;Zarpanitu_d;1
Ashurbanipal_RN;Tašmetu_d;1
Ashurnasirpal_II_RN;Ashurnasirpal_II_RN;1749
Ashurnasirpal_II_RN;Aššur_d;95
Ashurnasirpal_II_RN;Enlil_d;32
Ashurnasirpal_II_RN;Ninurta_d;25
Ashurnasirpal_II_RN;Kidmuru_d;4
Ashurnasirpal_II_RN;Anzu_d;3
Ashurnasirpal_II_RN;Sin_d;15
Ashurnasirpal_II_RN;Anu_d;9
Ashurnasirpal_II_RN;Ištar_d;13
Ashurnasirpal_II_RN;Šamaš_d;24
Ashurnasirpal_II_RN;Adad_d;14
Ashurnasirpal_II_RN;Ea_d;7
Ashurnasirpal_II_RN;Šarrat-nipha_d;2
Ashurnasirpal_II_RN;Gula_d;2
Ashurnasirpal_II_RN;Ištar_Nineveh_d;6
Ashurnasirpal_II_RN;Ea-šarru_d;1
Ashurnasirpal_II_RN;Damkina_d;1
Ashurnasirpal_II_RN;Šala_d;2
Ashurnasirpal_II_RN;Nergal_d;1
Ashurnasirpal_II_RN;Shalmaneser_III_RN;1
Atar-samayin_d;Ashurbanipal_RN;8
Aya_d;Šala_d;2
Aya_d;Antu_d;2
Aya_d;Belet-Nineveh_d;1
Aya_d;Ištar-Bit-Kidmuri_d;1
Aya_d;Haya_d;1
Aya_d;Kusu_d;1
Aya_d;Kippat-mati_d;1
Aya_d;Damkina_d;1
Aya_d;Belet-ili_d;2
Aya_d;Zarpanitu_d;2
Aya_d;Tašmetu_d;2
Aya_d;Anu_d;2
Aya_d;Ištar_Nineveh_d;2
Aya_d;Ištar_Arbail_d;2
Aya_d;Ashurbanipal_RN;9
Aya_d;Ningal_d;1
Aya_d;Adad_d;2
Aya_d;Marduk_d;2
Aya_d;Nabu_d;2
Aya_d;Ea_d;1
Aya_d;Sin_d;1
Aya_d;Sargon_II_RN;1
Aššur-dan_III_RN;Enlil_d;2
Aššur-dan_III_RN;Aššur_d;1
Aššur-dan_II_RN;Aššur-dan_II_RN;154
Aššur-dan_II_RN;Aššur_d;22
Aššur-dan_II_RN;Šamaš_d;2
Aššur-dan_II_RN;Ninurta_d;1
Aššur-dan_II_RN;Nergal_d;1
Aššur-dan_II_RN;Enlil_d;2
Aššur-etel-ilāni_RN;Aššur_d;1
Aššur-nerari_V_RN;Aššur-nerari_V_RN;1
Aššur-nerari_V_RN;Aššur_d;2
Aššur_d;Ištar_d;202
Aššur_d;Nabu_d;190
Aššur_d;Sin_d;172
Aššur_d;Ištar_Nineveh_d;93
Aššur_d;Bel_d;124
Aššur_d;Šamaš_d;225
Aššur_d;Mullissu_d;101
Aššur_d;Ištar_Arbail_d;84
Aššur_d;Marduk_d;142
Aššur_d;Adad_d;111
Aššur_d;Enlil_d;103
Aššur_d;Ashurbanipal_RN;320
Aššur_d;Ninurta_d;70
Aššur_d;Anu_d;54
Aššur_d;Ashurnasirpal_II_RN;179
Aššur_d;Aššur_d;192
Aššur_d;Nergal_d;53
Aššur_d;Aššur-dan_II_RN;47
Aššur_d;Šarrat-Kidmuri_d;22
Aššur_d;Sargon_II_RN;189
Aššur_d;Sennacherib_RN;216
Aššur_d;Esarhaddon_RN;159
Aššur_d;Tiamat_d;9
Aššur_d;Shalmaneser_III_RN;147
Aššur_d;Ber_d;14
Aššur_d;Ištar-Aššuraya_d;15
Aššur_d;Ištar-Bit-Kidmuri_d;9
Aššur_d;Tiglath-pileser_III_RN;57
Aššur_d;Šeruʾa_d;16
Aššur_d;Nusku_d;24
Aššur_d;Dagan_d;11
Aššur_d;Igigi_d;17
Aššur_d;Zarpanitu_d;16
Aššur_d;Tašmetu_d;16
Aššur_d;Anunnaki_d;9
Aššur_d;Adad-nerari_II_RN;24
Aššur_d;Belet-ili_d;12
Aššur_d;Šarrat-nipha_d;4
Aššur_d;Adad-nerari_III_RN;12
Aššur_d;Ningal_d;8
Aššur_d;Kippat-mati_d;4
Aššur_d;Antu_d;4
Aššur_d;Ea_d;13
Aššur_d;Bel-agu_d;3
Aššur_d;Parak-šimati_d;3
Aššur_d;Šamši-Adad_V_RN;12
Aššur_d;Ninlil_d;2
Aššur_d;Gula_d;4
Aššur_d;Tukulti-Ninurta_II_RN;9
Aššur_d;Palil_d;2
Aššur_d;Kakka_d;3
Aššur_d;Haya_d;2
Aššur_d;Belet-Arbail_d;2
Aššur_d;Baba_d;2
Aššur_d;Erra_d;2
Aššur_d;Shalmaneser_IV_RN;1
Aššur_d;Uraš_d;1
Aššur_d;Aya_d;2
Aššur_d;Beltiya_d;2
Aššur_d;Šarur_d;1
Aššur_d;Kubu_d;1
Aššur_d;Sebettu_d;1
Aššur_d;Belet-parṣi_d;1
Aššur_d;Sîn-šarru-iškun_RN;6
Aššur_d;Šala_d;1
Aššur_d;Zababa_d;1
Aššur_d;Bel-labira_d;1
Aššur_d;Ea-šarru_d;1
Aššur_d;Nanaya_d;1
Aššur_d;Nisaba_d;1
Baba_d;Damkina_d;3
Baba_d;Kakka_d;2
Baba_d;Belet-ili_d;3
Baba_d;Amurru_d;1
Baba_d;Haya_d;1
Baba_d;Kusu_d;1
Baba_d;Madanu_d;1
Baba_d;Ea_d;3
Baba_d;Ninurta_d;3
Baba_d;Nergal_d;2
Baba_d;Nusku_d;1
Baba_d;Marduk_d;1
Baba_d;Adad_d;1
Bagbartu_d;Haldi_d;1
Bagbartu_d;Sargon_II_RN;3
Bel-agu_d;Kippat-mati_d;2
Bel-agu_d;Parak-šimati_d;1
Bel-agu_d;Šeruʾa_d;2
Bel-agu_d;Tašmetu_d;1
Bel-agu_d;Sin_d;1
Bel-agu_d;Šamaš_d;1
Bel-agu_d;Aššur_d;1
Bel-labira_d;Dayyanu_d;1
Bel-labira_d;Malik_d;1
Bel-labira_d;Ulaya_d;1
Bel-labira_d;Mišaru_d;1
Bel-labira_d;Šakkan_d;1
Bel-labira_d;Annunitu_d;1
Bel-labira_d;Belet-ili_d;2
Bel-labira_d;Madanu_d;1
Bel-labira_d;Gula_d;1
Bel-labira_d;Ninurta_d;1
Bel-labira_d;Nabu_d;1
Bel_d;Nabu_d;134
Bel_d;Ištar_Nineveh_d;68
Bel_d;Ištar_Arbail_d;69
Bel_d;Nergal_d;60
Bel_d;Beltiya_d;19
Bel_d;Nusku_d;39
Bel_d;Šarrat-Kidmuri_d;21
Bel_d;Ninurta_d;41
Bel_d;Zarpanitu_d;16
Bel_d;Belet-Babili_d;5
Bel_d;Tašmetu_d;11
Bel_d;Ashurbanipal_RN;82
Bel_d;Laṣ_d;3
Bel_d;Madanu_d;4
Bel_d;Bel_d;16
Bel_d;Ea_d;7
Bel_d;Esarhaddon_RN;21
Bel_d;Marduk_d;11
Bel_d;Erra_d;2
Bel_d;Belet-parṣi_d;1
Bel_d;Tiglath-pileser_III_RN;5
Bel_d;Sin_d;5
Bel_d;Šamaš_d;6
Bel_d;Belet-Arbail_d;1
Bel_d;Enlil_d;3
Bel_d;Igigi_d;1
Bel_d;Anunnaki_d;1
Bel_d;Anu_d;2
Bel_d;Nanaya_d;1
Bel_d;Sennacherib_RN;5
Bel_d;Ištar_d;3
Bel_d;Mullissu_d;1
Bel_d;Sîn-šarru-iškun_RN;2
Bel_d;Ningal_d;1
Bel_d;Sargon_II_RN;6
Bel_d;Belet-ili_d;1
Bel_d;Gula_d;1
Bel_d;Aššur_d;2
Belet-Arbail_d;Ištar_Arbail_d;1
Belet-Arbail_d;Ashurbanipal_RN;4
Belet-Babili_d;Madanu_d;5
Belet-Babili_d;Ea_d;6
Belet-Babili_d;Laṣ_d;1
Belet-Babili_d;Zababa_d;1
Belet-Babili_d;Ištaran_d;1
Belet-Babili_d;Nergal_d;1
Belet-Babili_d;Ashurbanipal_RN;1
Belet-Babili_d;Šamaš_d;1
Belet-Nineveh_d;Belet-Arbail_d;2
Belet-Nineveh_d;Šarrat-eqi_d;1
Belet-Nineveh_d;Dumuzi_d;1
Belet-Nineveh_d;Annunitu_d;1
Belet-Nineveh_d;Belet-ili_d;1
Belet-Nineveh_d;Sargon_II_RN;1
Belet-ekalli_d;Tišpak_d;2
Belet-ekalli_d;Belet-ekalli_d;2
Belet-ekalli_d;Šimati_d;1
Belet-ekalli_d;Šarrat-eqi_d;1
Belet-ekalli_d;Šeruʾa_d;2
Belet-ekalli_d;Gula_d;1
Belet-ekalli_d;Anu_d;2
Belet-ekalli_d;Ea_d;2
Belet-ekalli_d;Sin_d;2
Belet-ekalli_d;Marduk_d;1
Belet-ekalli_d;Šamaš_d;1
Belet-ili_d;Kusu_d;9
Belet-ili_d;Haya_d;6
Belet-ili_d;Kakka_d;4
Belet-ili_d;Damkina_d;4
Belet-ili_d;Šakkan_d;2
Belet-ili_d;Belet-ili_d;5
Belet-ili_d;Madanu_d;2
Belet-ili_d;Ninurta_d;7
Belet-ili_d;Kusibanda_d;1
Belet-ili_d;Šarrat-eqi_d;1
Belet-ili_d;Baba_d;1
Belet-ili_d;Dumuzi_d;1
Belet-ili_d;Ištar-Bit-Kidmuri_d;1
Belet-ili_d;Ea_d;4
Belet-ili_d;Amurru_d;1
Belet-ili_d;Ninkura_d;1
Belet-ili_d;Ninagal_d;1
Belet-ili_d;Sin_d;4
Belet-ili_d;Ištar_Nineveh_d;2
Belet-ili_d;Ištar_Arbail_d;2
Belet-ili_d;Nanaya_d;1
Belet-ili_d;Gula_d;1
Belet-ili_d;Aššur_d;7
Belet-ili_d;Šamaš_d;3
Belet-ili_d;Adad_d;2
Belet-ili_d;Marduk_d;2
Belet-ili_d;Zarpanitu_d;1
Belet-ili_d;Sargon_II_RN;5
Belet-ili_d;Nergal_d;2
Belet-ili_d;Nusku_d;1
Belet-ili_d;Šeruʾa_d;1
Belet-ili_d;Sennacherib_RN;5
Belet-ili_d;Nabu_d;1
Belet-ili_d;Mullissu_d;1
Belet-ili_d;Ištar_d;1
Belet-ili_d;Esarhaddon_RN;1
Belet-parṣi_d;Šimati_d;1
Belet-parṣi_d;Damkina_d;1
Belet-parṣi_d;Šamši-Adad_V_RN;3
Belet-parṣi_d;Adad-nerari_III_RN;2
Belet-parṣi_d;Nusku_d;1
Belet-parṣi_d;Ninurta_d;1
Belet-parṣi_d;Nergal_d;1
Belet-parṣi_d;Ea_d;1
Belet-parṣi_d;Enlil_d;1
Belet-parṣi_d;Aššur_d;2
Beltiya_d;Belet-Babili_d;5
Beltiya_d;Madanu_d;4
Beltiya_d;Ea_d;4
Beltiya_d;Ištar_Nineveh_d;2
Beltiya_d;Ištar_Arbail_d;2
Beltiya_d;Nabu_d;2
Beltiya_d;Tašmetu_d;1
Beltiya_d;Esarhaddon_RN;2
Ber_d;Ištar-Aššuraya_d;12
Ber_d;Papsukkal_d;2
Ber_d;Dumuzi_d;2
Ber_d;Kutatati_d;2
Ber_d;Šimati_d;1
Ber_d;Šarrat-eqi_d;1
Ber_d;Enlil_d;7
Ber_d;Ninlil_d;1
Ber_d;Tašmetu_d;2
Ber_d;Anunnaki_d;1
Ber_d;Sin_d;2
Ber_d;Igigi_d;1
Ber_d;Aššur_d;2
Dagan_d;Bel-labira_d;1
Dagan_d;Dayyanu_d;1
Dagan_d;Mišaru_d;1
Dagan_d;Šakkan_d;1
Dagan_d;Ṣalam_d;1
Dagan_d;Belet-ili_d;2
Dagan_d;Kittu_d;1
Dagan_d;Enlil_d;2
Dagan_d;Sin_d;2
Dagan_d;Šamaš_d;2
Dagan_d;Ea_d;1
Dagan_d;Aššur_d;1
Damkina_d;Malik_d;2
Damkina_d;Mišaru_d;2
Damkina_d;Kakka_d;2
Damkina_d;Šala_d;2
Damkina_d;Šimati_d;1
Damkina_d;Annunitu_d;1
Damkina_d;Gula_d;2
Damkina_d;Ninurta_d;5
Damkina_d;Amurru_d;1
Damkina_d;Haya_d;1
Damkina_d;Kusu_d;1
Damkina_d;Madanu_d;1
Damkina_d;Kittu_d;1
Damkina_d;Nergal_d;2
Damkina_d;Belet-ili_d;1
Damkina_d;Adad_d;2
Damkina_d;Sin_d;2
Damkina_d;Nabu_d;2
Damkina_d;Marduk_d;2
Damkina_d;Nusku_d;1
Damkina_d;Ea_d;1
Damkina_d;Aššur_d;1
Damkina_d;Sargon_II_RN;1
Dayyanu_d;Šakkan_d;2
Dayyanu_d;Mišaru_d;1
Dayyanu_d;Belet-ili_d;2
Dumuzi_d;Šarrat-eqi_d;2
Dumuzi_d;Papsukkal_d;1
Dumuzi_d;Ulaya_d;1
Dumuzi_d;Belet-parṣi_d;1
Dumuzi_d;Kutatati_d;1
Dumuzi_d;Amurru_d;1
Dumuzi_d;Damkina_d;1
Dumuzi_d;Uraš_d;1
Dumuzi_d;Šarrat-nipha_d;1
Dumuzi_d;Gula_d;1
Dumuzi_d;Tašmetu_d;1
Dumuzi_d;Ea_d;1
Ea-šarru_d;Damkina_d;4
Ea-šarru_d;Malik_d;2
Ea-šarru_d;Mišaru_d;1
Ea-šarru_d;Kittu_d;1
Ea-šarru_d;Šala_d;1
Ea-šarru_d;Adad_d;4
Ea-šarru_d;Gula_d;1
Ea-šarru_d;Sin_d;3
Ea-šarru_d;Šeruʾa_d;1
Ea-šarru_d;Belet-ili_d;1
Ea-šarru_d;Zarpanitu_d;1
Ea-šarru_d;Šamaš_d;2
Ea-šarru_d;Marduk_d;1
Ea-šarru_d;Ashurnasirpal_II_RN;1
Ea-šarru_d;Aššur_d;1
Ea_d;Belet-ili_d;22
Ea_d;Damkina_d;8
Ea_d;Kippat-mati_d;7
Ea_d;Sin_d;33
Ea_d;Madanu_d;6
Ea_d;Asalluhi_d;4
Ea_d;Kusu_d;5
Ea_d;Adad_d;22
Ea_d;Ninurta_d;18
Ea_d;Kakka_d;4
Ea_d;Kittu_d;4
Ea_d;Šamaš_d;27
Ea_d;Sebettu_d;3
Ea_d;Ea_d;9
Ea_d;Šakkan_d;2
Ea_d;Haya_d;2
Ea_d;Šala_d;2
Ea_d;Enlil_d;10
Ea_d;Marduk_d;10
Ea_d;Nabu_d;11
Ea_d;Nergal_d;7
Ea_d;Ningal_d;3
Ea_d;Nusku_d;5
Ea_d;Uraš_d;2
Ea_d;Ištar_Nineveh_d;6
Ea_d;Šarrat-nipha_d;2
Ea_d;Ištar_d;8
Ea_d;Kusibanda_d;1
Ea_d;Gula_d;2
Ea_d;Šimati_d;1
Ea_d;Annunitu_d;1
Ea_d;Parak-šimati_d;1
Ea_d;Malik_d;1
Ea_d;Mišaru_d;1
Ea_d;Laṣ_d;1
Ea_d;Ninkura_d;1
Ea_d;Ninšiku_d;1
Ea_d;Amurru_d;1
Ea_d;Kutatati_d;1
Ea_d;Belet-ekalli_d;1
Ea_d;Ištaran_d;1
Ea_d;Zababa_d;1
Ea_d;Aššur_d;8
Ea_d;Ninagal_d;1
Ea_d;Sargon_II_RN;9
Ea_d;Mullissu_d;3
Ea_d;Antu_d;1
Ea_d;Ištar_Arbail_d;2
Ea_d;Ashurnasirpal_II_RN;5
Ea_d;Sennacherib_RN;8
Ea_d;Esarhaddon_RN;6
Ea_d;Zarpanitu_d;1
Ea_d;Ashurbanipal_RN;6
Ea_d;Anu_d;1
Enlil_d;Aššur_d;168
Enlil_d;Enlil_d;67
Enlil_d;Dagan_d;14
Enlil_d;Ea_d;31
Enlil_d;Ištar-Aššuraya_d;13
Enlil_d;Anu_d;20
Enlil_d;Ninurta_d;22
Enlil_d;Marduk_d;31
Enlil_d;Mullissu_d;20
Enlil_d;Kippat-mati_d;6
Enlil_d;Nergal_d;13
Enlil_d;Adad_d;19
Enlil_d;Sin_d;20
Enlil_d;Ea-šarru_d;3
Enlil_d;Šamaš_d;25
Enlil_d;Damkina_d;3
Enlil_d;Nabu_d;15
Enlil_d;Bel-labira_d;2
Enlil_d;Ištar_d;12
Enlil_d;Ištar_Nineveh_d;8
Enlil_d;Belet-ili_d;5
Enlil_d;Šarrat-nipha_d;3
Enlil_d;Belet-ekalli_d;2
Enlil_d;Sebettu_d;2
Enlil_d;Bel_d;7
Enlil_d;Nusku_d;5
Enlil_d;Adad-nerari_III_RN;4
Enlil_d;Ber_d;2
Enlil_d;Dayyanu_d;1
Enlil_d;Baba_d;1
Enlil_d;Kidmuru_d;1
Enlil_d;Ninlil_d;1
Enlil_d;Aššur-dan_II_RN;3
Enlil_d;Igigi_d;3
Enlil_d;Esarhaddon_RN;15
Enlil_d;Ashurbanipal_RN;18
Enlil_d;Belet-Babili_d;1
Enlil_d;Aššur-etel-ilāni_RN;1
Enlil_d;Sargon_II_RN;13
Enlil_d;Ninšiku_d;1
Enlil_d;Uraš_d;1
Enlil_d;Mišaru_d;1
Enlil_d;Šakkan_d;1
Enlil_d;Kakka_d;1
Enlil_d;Zababa_d;1
Enlil_d;Ṣalam_d;1
Enlil_d;Kittu_d;1
Enlil_d;Ashurnasirpal_II_RN;7
Enlil_d;Gula_d;1
Enlil_d;Shalmaneser_III_RN;8
Enlil_d;Sennacherib_RN;8
Enlil_d;Zarpanitu_d;2
Enlil_d;Ištar_Arbail_d;2
Enlil_d;Sîn-šarru-iškun_RN;3
Enlil_d;Nudimmud_d;1
Enlil_d;Beltiya_d;1
Enlil_d;Šamši-Adad_V_RN;2
Enlil_d;Šala_d;1
Enlil_d;Tiglath-pileser_III_RN;2
Erra_d;Nanna_d;2
Erra_d;Nergal_d;5
Erra_d;Ashurbanipal_RN;6
Erra_d;Ninurta_d;1
Erra_d;Shalmaneser_III_RN;1
Erra_d;Sennacherib_RN;3
Erra_d;Sin_d;1
Erua_d;Beltiya_d;1
Erua_d;Zarpanitu_d;1
Erua_d;Ištar_Nineveh_d;1
Erua_d;Sin_d;1
Erua_d;Adad_d;1
Erua_d;Bel_d;1
Erua_d;Nabu_d;1
Erua_d;Šamaš_d;1
Erua_d;Aššur_d;1
Esarhaddon_RN;Esarhaddon_RN;1101
Esarhaddon_RN;Aššur_d;117
Esarhaddon_RN;Marduk_d;42
Esarhaddon_RN;Atar-samayin_d;6
Esarhaddon_RN;Šamaš_d;54
Esarhaddon_RN;Nabu_d;35
Esarhaddon_RN;Laṣ_d;5
Esarhaddon_RN;Sin_d;30
Esarhaddon_RN;Bel_d;23
Esarhaddon_RN;Nanaya_d;9
Esarhaddon_RN;Nergal_d;14
Esarhaddon_RN;Nisaba_d;5
Esarhaddon_RN;Ištar-Uruk_d;4
Esarhaddon_RN;Ištar_Nineveh_d;9
Esarhaddon_RN;Adad_d;16
Esarhaddon_RN;Ištar_d;11
Esarhaddon_RN;Enlil_d;15
Esarhaddon_RN;Zarpanitu_d;6
Esarhaddon_RN;Kulla_d;3
Esarhaddon_RN;Ea_d;3
Esarhaddon_RN;Ištar_Arbail_d;4
Esarhaddon_RN;Šarur_d;1
Esarhaddon_RN;Aya_d;1
Esarhaddon_RN;Ninurta_d;5
Esarhaddon_RN;Gula_d;1
Esarhaddon_RN;Anu_d;4
Esarhaddon_RN;Dagan_d;1
Esarhaddon_RN;Kubu_d;1
Esarhaddon_RN;Igigi_d;2
Esarhaddon_RN;Ashurbanipal_RN;30
Esarhaddon_RN;Ningal_d;1
Esarhaddon_RN;Mullissu_d;2
Esarhaddon_RN;Šeruʾa_d;1
Esarhaddon_RN;Tašmetu_d;1
Esarhaddon_RN;Sennacherib_RN;4
Girra_d;Adad-nerari_II_RN;4
Girra_d;Shalmaneser_III_RN;1
Girra_d;Ashurbanipal_RN;2
Gula_d;Šarrat-nipha_d;2
Gula_d;Šarrat-eqi_d;1
Gula_d;Šimati_d;1
Gula_d;Baba_d;1
Gula_d;Ea-šarru_d;1
Gula_d;Uraš_d;1
Gula_d;Sebettu_d;1
Gula_d;Adad-nerari_II_RN;3
Gula_d;Gula_d;1
Gula_d;Adad_d;3
Gula_d;Sin_d;3
Gula_d;Ashurnasirpal_II_RN;3
Gula_d;Adad-nerari_III_RN;1
Gula_d;Nergal_d;1
Gula_d;Ištar_Nineveh_d;1
Gula_d;Ištar_Arbail_d;1
Gula_d;Nusku_d;1
Gula_d;Mullissu_d;1
Gula_d;Nabu_d;1
Gula_d;Enlil_d;1
Gula_d;Aššur_d;3
Gula_d;Esarhaddon_RN;2
Gula_d;Šamaš_d;1
Gula_d;Ashurbanipal_RN;2
Gula_d;Ištar_d;1
Haldi_d;Bagbartu_d;11
Haldi_d;Haldi_d;2
Haldi_d;Sargon_II_RN;11
Haya_d;Kusu_d;7
Haya_d;Tišpak_d;2
Haya_d;Kakka_d;1
Haya_d;Kittu_d;1
Haya_d;Madanu_d;1
Haya_d;Sebettu_d;1
Haya_d;Mullissu_d;1
Haya_d;Nusku_d;1
Haya_d;Sennacherib_RN;3
Haya_d;Ninurta_d;1
Haya_d;Aššur_d;1
Igigi_d;Anunnaki_d;37
Igigi_d;Nusku_d;6
Igigi_d;Nergal_d;7
Igigi_d;Igigi_d;4
Igigi_d;Enlil_d;8
Igigi_d;Šakkan_d;1
Igigi_d;Ea_d;3
Igigi_d;Anu_d;3
Igigi_d;Haya_d;1
Igigi_d;Kusu_d;1
Igigi_d;Bel_d;3
Igigi_d;Ninurta_d;2
Igigi_d;Sennacherib_RN;8
Igigi_d;Šeruʾa_d;1
Igigi_d;Ištar_d;1
Igigi_d;Sin_d;1
Igigi_d;Šamaš_d;1
Igigi_d;Ashurbanipal_RN;1
Inanak_d;Sargon_II_RN;2
Ištar-Aššuraya_d;Šimati_d;1
Ištar-Aššuraya_d;Papsukkal_d;1
Ištar-Aššuraya_d;Šarrat-eqi_d;1
Ištar-Aššuraya_d;Baba_d;1
Ištar-Aššuraya_d;Kunuš-kadru_d;1
Ištar-Aššuraya_d;Dumuzi_d;1
Ištar-Aššuraya_d;Kutatati_d;1
Ištar-Aššuraya_d;Belet-ekalli_d;1
Ištar-Aššuraya_d;Sîn-šarru-iškun_RN;4
Ištar-Aššuraya_d;Zababa_d;1
Ištar-Aššuraya_d;Kakka_d;1
Ištar-Aššuraya_d;Damkina_d;1
Ištar-Aššuraya_d;Ber_d;1
Ištar-Aššuraya_d;Tašmetu_d;2
Ištar-Aššuraya_d;Nergal_d;2
Ištar-Aššuraya_d;Ninurta_d;2
Ištar-Aššuraya_d;Belet-ili_d;1
Ištar-Aššuraya_d;Igigi_d;1
Ištar-Aššuraya_d;Anunnaki_d;1
Ištar-Aššuraya_d;Aššur_d;5
Ištar-Aššuraya_d;Ea_d;1
Ištar-Aššuraya_d;Ashurbanipal_RN;2
Ištar-Aššuraya_d;Ištar_d;1
Ištar-Aššuraya_d;Adad_d;1
Ištar-Aššuraya_d;Marduk_d;1
Ištar-Aššuraya_d;Nabu_d;1
Ištar-Bit-Kidmuri_d;Belet-ili_d;8
Ištar-Bit-Kidmuri_d;Haya_d;3
Ištar-Bit-Kidmuri_d;Kusu_d;3
Ištar-Bit-Kidmuri_d;Kakka_d;2
Ištar-Bit-Kidmuri_d;Ištar_Arbail_d;1
Ištar-Bit-Kidmuri_d;Nergal_d;1
Ištar-Bit-Kidmuri_d;Nusku_d;1
Ištar-Bit-Kidmuri_d;Ninurta_d;1
Ištar-Bit-Kidmuri_d;Aššur_d;1
Ištar-Bit-Kidmuri_d;Sennacherib_RN;1
Ištar-Uruk_d;Esarhaddon_RN;4
Ištar-Uruk_d;Ashurbanipal_RN;3
Ištar_Arbail_d;Nusku_d;37
Ištar_Arbail_d;Nergal_d;42
Ištar_Arbail_d;Ninurta_d;38
Ištar_Arbail_d;Ashurbanipal_RN;63
Ištar_Arbail_d;Esarhaddon_RN;31
Ištar_Arbail_d;Damkina_d;2
Ištar_Arbail_d;Belet-parṣi_d;1
Ištar_Arbail_d;Gula_d;2
Ištar_Arbail_d;Baba_d;1
Ištar_Arbail_d;Sennacherib_RN;16
Ištar_Arbail_d;Kittu_d;1
Ištar_Arbail_d;Zababa_d;1
Ištar_Arbail_d;Belet-ili_d;2
Ištar_Arbail_d;Kakka_d;1
Ištar_Arbail_d;Erra_d;1
Ištar_Arbail_d;Mullissu_d;2
Ištar_Arbail_d;Ištar-Aššuraya_d;1
Ištar_Arbail_d;Ea_d;2
Ištar_Arbail_d;Bel_d;2
Ištar_Arbail_d;Nabu_d;1
Ištar_Arbail_d;Aššur_d;5
Ištar_Arbail_d;Ištar_Arbail_d;1
Ištar_Arbail_d;Sin_d;1
Ištar_Arbail_d;Šamaš_d;1
Ištar_Nineveh_d;Ištar_Arbail_d;89
Ištar_Nineveh_d;Šarrat-Kidmuri_d;22
Ištar_Nineveh_d;Nusku_d;41
Ištar_Nineveh_d;Nergal_d;39
Ištar_Nineveh_d;Ninurta_d;37
Ištar_Nineveh_d;Kutatati_d;4
Ištar_Nineveh_d;Kakka_d;3
Ištar_Nineveh_d;Ashurbanipal_RN;51
Ištar_Nineveh_d;Kippat-mati_d;3
Ištar_Nineveh_d;Esarhaddon_RN;30
Ištar_Nineveh_d;Damkina_d;2
Ištar_Nineveh_d;Tašmetu_d;4
Ištar_Nineveh_d;Baba_d;1
Ištar_Nineveh_d;Ashurnasirpal_II_RN;16
Ištar_Nineveh_d;Belet-parṣi_d;1
Ištar_Nineveh_d;Ea_d;5
Ištar_Nineveh_d;Šakkan_d;1
Ištar_Nineveh_d;Sennacherib_RN;16
Ištar_Nineveh_d;Ištar-Bit-Kidmuri_d;1
Ištar_Nineveh_d;Belet-Arbail_d;1
Ištar_Nineveh_d;Zababa_d;1
Ištar_Nineveh_d;Belet-ili_d;2
Ištar_Nineveh_d;Mullissu_d;3
Ištar_Nineveh_d;Ištar_Nineveh_d;2
Ištar_Nineveh_d;Enlil_d;4
Ištar_Nineveh_d;Ištar-Aššuraya_d;1
Ištar_Nineveh_d;Aššur_d;5
Ištar_Nineveh_d;Bel_d;1
Ištar_Nineveh_d;Nabu_d;2
Ištar_Nineveh_d;Sargon_II_RN;3
Ištar_Nineveh_d;Adad_d;1
Ištar_Nineveh_d;Tiglath-pileser_III_RN;1
Ištar_Nineveh_d;Šamaš_d;1
Ištar_d;Ashurbanipal_RN;195
Ištar_d;Sebettu_d;6
Ištar_d;Kidmuru_d;3
Ištar_d;Ashurnasirpal_II_RN;20
Ištar_d;Ištar_d;9
Ištar_d;Šarrat-eqi_d;1
Ištar_d;Šimati_d;1
Ištar_d;Ber_d;2
Ištar_d;Papsukkal_d;1
Ištar_d;Ea_d;4
Ištar_d;Adad-nerari_III_RN;3
Ištar_d;Sennacherib_RN;18
Ištar_d;Mullissu_d;4
Ištar_d;Uraš_d;1
Ištar_d;Esarhaddon_RN;11
Ištar_d;Ištar_Arbail_d;4
Ištar_d;Palil_d;1
Ištar_d;Anu_d;3
Ištar_d;Belet-ili_d;3
Ištar_d;Annunitu_d;1
Ištar_d;Ṣalam_d;1
Ištar_d;Dumuzi_d;1
Ištar_d;Kutatati_d;1
Ištar_d;Aššur_d;8
Ištar_d;Ninurta_d;2
Ištar_d;Shalmaneser_III_RN;5
Ištar_d;Gula_d;1
Ištar_d;Sargon_II_RN;11
Ištar_d;Nabu_d;3
Ištar_d;Bel_d;2
Ištar_d;Marduk_d;2
Ištar_d;Nanaya_d;1
Ištar_d;Sin_d;2
Ištar_d;Adad_d;2
Ištar_d;Ištar-Aššuraya_d;1
Ištar_d;Tašmetu_d;1
Ištar_d;Nergal_d;1
Ištar_d;Šamši-Adad_V_RN;1
Ištar_d;Adad-nerari_II_RN;1
Ištar_d;Šamaš_d;2
Ištar_d;Enlil_d;1
Ištar_d;Sîn-šarru-iškun_RN;1
Ištaran_d;Laṣ_d;1
Ištaran_d;Zababa_d;1
Ištaran_d;Madanu_d;1
Ištaran_d;Nergal_d;1
Ištaran_d;Sin_d;1
Kakka_d;Haya_d;3
Kakka_d;Kusu_d;3
Kakka_d;Nusku_d;5
Kakka_d;Tišpak_d;1
Kakka_d;Šakkan_d;1
Kakka_d;Kakka_d;1
Kakka_d;Madanu_d;1
Kakka_d;Sebettu_d;1
Kakka_d;Kippat-mati_d;1
Kakka_d;Ningal_d;1
Kakka_d;Ea_d;2
Kakka_d;Ninurta_d;1
Kakka_d;Ištar_Nineveh_d;1
Kakka_d;Nergal_d;1
Kakka_d;Aššur_d;3
Kakka_d;Sin_d;1
Kakka_d;Enlil_d;1
Kakka_d;Marduk_d;1
Kakka_d;Sennacherib_RN;1
Kakka_d;Šamaš_d;1
Kidmuru_d;Kidmuru_d;1
Kidmuru_d;Ashurnasirpal_II_RN;6
Kidmuru_d;Ištar_d;1
Kidmuru_d;Aššur_d;1
Kippat-mati_d;Kutatati_d;4
Kippat-mati_d;Šarrat-nipha_d;4
Kippat-mati_d;Belet-ekalli_d;2
Kippat-mati_d;Tašmetu_d;5
Kippat-mati_d;Damkina_d;2
Kippat-mati_d;Šala_d;2
Kippat-mati_d;Baba_d;1
Kippat-mati_d;Bel-agu_d;1
Kippat-mati_d;Tišpak_d;1
Kippat-mati_d;Dagan_d;2
Kippat-mati_d;Parak-šimati_d;1
Kippat-mati_d;Ṣalam_d;1
Kippat-mati_d;Zababa_d;1
Kippat-mati_d;Belet-ili_d;2
Kippat-mati_d;Haya_d;1
Kippat-mati_d;Kusu_d;1
Kippat-mati_d;Šeruʾa_d;2
Kippat-mati_d;Ištar_Nineveh_d;3
Kippat-mati_d;Kittu_d;1
Kippat-mati_d;Antu_d;1
Kippat-mati_d;Ea_d;3
Kippat-mati_d;Kippat-mati_d;1
Kippat-mati_d;Sin_d;4
Kippat-mati_d;Enlil_d;4
Kippat-mati_d;Ištar_Arbail_d;2
Kippat-mati_d;Ištar-Aššuraya_d;1
Kippat-mati_d;Mullissu_d;2
Kippat-mati_d;Adad_d;2
Kippat-mati_d;Anu_d;1
Kippat-mati_d;Ninurta_d;1
Kippat-mati_d;Šamaš_d;2
Kippat-mati_d;Nabu_d;1
Kittu_d;Mišaru_d;6
Kittu_d;Dayyanu_d;1
Kittu_d;Malik_d;1
Kittu_d;Tišpak_d;1
Kittu_d;Dumuzi_d;1
Kittu_d;Ea-šarru_d;1
Kittu_d;Kittu_d;1
Kittu_d;Damkina_d;1
Kittu_d;Ber_d;1
Kittu_d;Ištar-Aššuraya_d;1
Kittu_d;Ninurta_d;2
Kittu_d;Belet-ili_d;1
Kittu_d;Ea_d;1
Kittu_d;Sin_d;1
Kittu_d;Ištar_d;1
Kittu_d;Bel_d;1
Kittu_d;Šamaš_d;1
Kittu_d;Aššur_d;1
Kubu_d;Anzu_d;1
Kubu_d;Šala_d;1
Kubu_d;Nisaba_d;1
Kubu_d;Ea_d;1
Kubu_d;Mullissu_d;1
Kubu_d;Adad_d;1
Kulla_d;Enlil_d;2
Kulla_d;Esarhaddon_RN;4
Kulla_d;Bel_d;1
Kulla_d;Ištar_d;1
Kulla_d;Ashurbanipal_RN;2
Kulla_d;Šamaš_d;1
Kulla_d;Sennacherib_RN;1
Kunuš-kadru_d;Tišpak_d;1
Kunuš-kadru_d;Ṣalam_d;1
Kunuš-kadru_d;Kakka_d;1
Kunuš-kadru_d;Ninurta_d;1
Kunuš-kadru_d;Tiglath-pileser_III_RN;1
Kusibanda_d;Ninkura_d;3
Kusibanda_d;Ninagal_d;1
Kusibanda_d;Ashurbanipal_RN;6
Kusu_d;Tišpak_d;2
Kusu_d;Kusibanda_d;1
Kusu_d;Baba_d;1
Kusu_d;Zababa_d;1
Kusu_d;Haya_d;1
Kusu_d;Kittu_d;1
Kusu_d;Kakka_d;1
Kusu_d;Ninkura_d;1
Kusu_d;Damkina_d;1
Kusu_d;Madanu_d;1
Kusu_d;Sebettu_d;1
Kusu_d;Ninagal_d;1
Kusu_d;Belet-ili_d;1
Kusu_d;Ea_d;1
Kusu_d;Nusku_d;1
Kusu_d;Ninurta_d;1
Kusu_d;Aššur_d;1
Kusu_d;Sennacherib_RN;2
Kusu_d;Esarhaddon_RN;1
Kutatati_d;Tašmetu_d;7
Kutatati_d;Kutatati_d;2
Kutatati_d;Kittu_d;2
Kutatati_d;Šimati_d;1
Kutatati_d;Papsukkal_d;1
Kutatati_d;Šarrat-eqi_d;1
Kutatati_d;Dumuzi_d;1
Kutatati_d;Ulaya_d;1
Kutatati_d;Bel-agu_d;1
Kutatati_d;Parak-šimati_d;1
Kutatati_d;Nusku_d;3
Kutatati_d;Dagan_d;1
Kutatati_d;Ištar_Nineveh_d;1
Kutatati_d;Nabu_d;1
Kutatati_d;Enlil_d;1
Kutatati_d;Sin_d;1
Kutatati_d;Aššur_d;1
Kutatati_d;Šamaš_d;1
Lamma-RA.BI_d;Ashurbanipal_RN;1
Laṣ_d;Zababa_d;1
Laṣ_d;Madanu_d;1
Laṣ_d;Tiglath-pileser_III_RN;6
Laṣ_d;Sin_d;1
Laṣ_d;Esarhaddon_RN;1
Madanu_d;Baba_d;1
Madanu_d;Tišpak_d;1
Madanu_d;Haya_d;1
Madanu_d;Kakka_d;1
Madanu_d;Kusu_d;1
Madanu_d;Sebettu_d;1
Madanu_d;Gula_d;1
Madanu_d;Ninurta_d;2
Madanu_d;Ningal_d;1
Madanu_d;Adad_d;2
Madanu_d;Nusku_d;1
Madanu_d;Sin_d;1
Madanu_d;Aššur_d;1
Malik_d;Mišaru_d;2
Malik_d;Ulaya_d;1
Malik_d;Annunitu_d;1
Malik_d;Kittu_d;1
Malik_d;Anu_d;1
Marduk_d;Zarpanitu_d;37
Marduk_d;Tašmetu_d;20
Marduk_d;Nabu_d;39
Marduk_d;Esarhaddon_RN;55
Marduk_d;Anunnaki_d;8
Marduk_d;Sargon_II_RN;54
Marduk_d;Ištar_Nineveh_d;14
Marduk_d;Ištar_Arbail_d;13
Marduk_d;Igigi_d;8
Marduk_d;Nergal_d;14
Marduk_d;Ashurbanipal_RN;56
Marduk_d;Uraš_d;3
Marduk_d;Ninurta_d;10
Marduk_d;Marduk_d;13
Marduk_d;Sebettu_d;3
Marduk_d;Annunitu_d;2
Marduk_d;Adad_d;8
Marduk_d;Enlil_d;10
Marduk_d;Papsukkal_d;1
Marduk_d;Bel_d;6
Marduk_d;Šamaš_d;8
Marduk_d;Ištar_d;7
Marduk_d;Ištar-Aššuraya_d;2
Marduk_d;Tiglath-pileser_III_RN;7
Marduk_d;Aššur_d;13
Marduk_d;Amurru_d;1
Marduk_d;Mullissu_d;4
Marduk_d;Ištar-Bit-Kidmuri_d;1
Marduk_d;Nusku_d;3
Marduk_d;Aššur-etel-ilāni_RN;1
Marduk_d;Šeruʾa_d;2
Marduk_d;Belet-ili_d;2
Marduk_d;Belet-ekalli_d;1
Marduk_d;Kakka_d;1
Marduk_d;Shalmaneser_III_RN;4
Marduk_d;Šamši-Adad_V_RN;2
Marduk_d;Sin_d;5
Marduk_d;Adad-nerari_III_RN;2
Marduk_d;Anu_d;3
Marduk_d;Nanaya_d;1
Marduk_d;Šarrat-Kidmuri_d;1
Marduk_d;Sîn-šarru-iškun_RN;2
Marduk_d;Ningal_d;1
Marduk_d;Haldi_d;1
Marduk_d;Sennacherib_RN;1
Marduk_d;Ea_d;1
Mišaru_d;Šakkan_d;2
Mišaru_d;Dayyanu_d;1
Mišaru_d;Belet-ili_d;3
Mišaru_d;Haya_d;1
Mišaru_d;Kusu_d;1
Mišaru_d;Nusku_d;1
Mišaru_d;Ninurta_d;1
Mišaru_d;Bel_d;1
Mišaru_d;Aššur_d;1
Mullissu_d;Šeruʾa_d;12
Mullissu_d;Ištar_Arbail_d;18
Mullissu_d;Tašmetu_d;14
Mullissu_d;Zarpanitu_d;13
Mullissu_d;Antu_d;5
Mullissu_d;Nabu_d;25
Mullissu_d;Belet-Arbail_d;4
Mullissu_d;Sin_d;19
Mullissu_d;Ištar_Nineveh_d;11
Mullissu_d;Ningal_d;6
Mullissu_d;Anu_d;11
Mullissu_d;Marduk_d;17
Mullissu_d;Ashurbanipal_RN;51
Mullissu_d;Ulaya_d;2
Mullissu_d;Bel-agu_d;2
Mullissu_d;Kippat-mati_d;3
Mullissu_d;Mullissu_d;9
Mullissu_d;Bel_d;11
Mullissu_d;Parak-šimati_d;2
Mullissu_d;Šarrat-nipha_d;3
Mullissu_d;Belet-ekalli_d;2
Mullissu_d;Šamaš_d;17
Mullissu_d;Adad_d;10
Mullissu_d;Belet-ili_d;4
Mullissu_d;Aya_d;2
Mullissu_d;Sîn-šarru-iškun_RN;6
Mullissu_d;Beltiya_d;2
Mullissu_d;Aššur_d;13
Mullissu_d;Ištar_d;6
Mullissu_d;Nusku_d;3
Mullissu_d;Ea_d;4
Mullissu_d;Šarrat-Kidmuri_d;2
Mullissu_d;Enlil_d;6
Mullissu_d;Ištar-Bit-Kidmuri_d;1
Mullissu_d;Belet-Nineveh_d;1
Mullissu_d;Tišpak_d;1
Mullissu_d;Ea-šarru_d;1
Mullissu_d;Šala_d;1
Mullissu_d;Ninurta_d;3
Mullissu_d;Gula_d;1
Mullissu_d;Dagan_d;1
Mullissu_d;Damkina_d;1
Mullissu_d;Nergal_d;2
Mullissu_d;Nanaya_d;1
Mullissu_d;Igigi_d;1
Mullissu_d;Anunnaki_d;1
Mullissu_d;Sargon_II_RN;6
Mullissu_d;Sennacherib_RN;3
Mullissu_d;Esarhaddon_RN;2
Nabu_d;Ištar_Arbail_d;85
Nabu_d;Ištar_Nineveh_d;83
Nabu_d;Tašmetu_d;55
Nabu_d;Nergal_d;77
Nabu_d;Nusku_d;42
Nabu_d;Šarrat-Kidmuri_d;22
Nabu_d;Ninurta_d;54
Nabu_d;Marduk_d;71
Nabu_d;Sîn-šarru-iškun_RN;26
Nabu_d;Ashurbanipal_RN;115
Nabu_d;Uraš_d;5
Nabu_d;Laṣ_d;3
Nabu_d;Nanaya_d;6
Nabu_d;Esarhaddon_RN;40
Nabu_d;Sargon_II_RN;45
Nabu_d;Ištar-Aššuraya_d;4
Nabu_d;Sebettu_d;3
Nabu_d;Nabu_d;14
Nabu_d;Sin_d;9
Nabu_d;Kunuš-kadru_d;1
Nabu_d;Malik_d;1
Nabu_d;Kidmuru_d;1
Nabu_d;Ištar_d;7
Nabu_d;Igigi_d;3
Nabu_d;Anunnaki_d;2
Nabu_d;Šamaš_d;9
Nabu_d;Adad_d;7
Nabu_d;Belet-parṣi_d;1
Nabu_d;Ištar-Bit-Kidmuri_d;1
Nabu_d;Mullissu_d;4
Nabu_d;Šeruʾa_d;2
Nabu_d;Belet-ili_d;3
Nabu_d;Belet-Arbail_d;1
Nabu_d;Kittu_d;1
Nabu_d;Belet-ekalli_d;1
Nabu_d;Kutatati_d;1
Nabu_d;Annunitu_d;1
Nabu_d;Ulaya_d;1
Nabu_d;Madanu_d;1
Nabu_d;Ea-šarru_d;1
Nabu_d;Šarrat-nipha_d;1
Nabu_d;Enlil_d;3
Nabu_d;Tiglath-pileser_III_RN;5
Nabu_d;Sennacherib_RN;6
Nabu_d;Aššur_d;7
Nabu_d;Anu_d;1
Nabu_d;Bel_d;3
Nabu_d;Ningal_d;1
Nabu_d;Kulla_d;1
Nabu_d;Zarpanitu_d;1
Nanaya_d;Baba_d;1
Nanaya_d;Gula_d;2
Nanaya_d;Laṣ_d;1
Nanaya_d;Palil_d;1
Nanaya_d;Ea-šarru_d;1
Nanaya_d;Madanu_d;1
Nanaya_d;Esarhaddon_RN;8
Nanaya_d;Zarpanitu_d;1
Nanaya_d;Nergal_d;1
Nanaya_d;Tiglath-pileser_III_RN;1
Nanaya_d;Ashurbanipal_RN;2
Nanaya_d;Ninurta_d;1
Nanaya_d;Adad_d;1
Nanaya_d;Marduk_d;1
Nanna_d;Ištar_d;4
Nanna_d;Ashurbanipal_RN;10
Nanna_d;Sin_d;2
Nanna_d;Ea_d;1
Nanna_d;Sennacherib_RN;3
Nergal_d;Nusku_d;35
Nergal_d;Laṣ_d;7
Nergal_d;Ištar-Bit-Kidmuri_d;6
Nergal_d;Ištar_Nineveh_d;13
Nergal_d;Ashurbanipal_RN;67
Nergal_d;Ištar_Arbail_d;12
Nergal_d;Belet-ili_d;7
Nergal_d;Nanna_d;2
Nergal_d;Madanu_d;2
Nergal_d;Sebettu_d;2
Nergal_d;Ištar-Aššuraya_d;2
Nergal_d;Palil_d;1
Nergal_d;Mullissu_d;4
Nergal_d;Šeruʾa_d;2
Nergal_d;Belet-Arbail_d;1
Nergal_d;Kakka_d;1
Nergal_d;Zababa_d;1
Nergal_d;Tiglath-pileser_III_RN;6
Nergal_d;Sennacherib_RN;15
Nergal_d;Ištar_d;4
Nergal_d;Sîn-šarru-iškun_RN;3
Nergal_d;Gula_d;1
Nergal_d;Enlil_d;3
Nergal_d;Aššur_d;5
Nergal_d;Sin_d;3
Nergal_d;Ea_d;1
Nergal_d;Bel_d;1
Nergal_d;Nergal_d;1
Nergal_d;Esarhaddon_RN;5
Nergal_d;Adad_d;3
Nergal_d;Sargon_II_RN;5
Nergal_d;Ninurta_d;2
Nergal_d;Shalmaneser_III_RN;2
Nergal_d;Šamaš_d;1
Nergal_d;Nabu_d;1
Nergal_d;Marduk_d;1
Ninagal_d;Kusibanda_d;4
Ninagal_d;Ninkura_d;3
Ninagal_d;Esarhaddon_RN;3
Ninagal_d;Ea_d;1
Ninagal_d;Aššur_d;1
Ninagal_d;Nabu_d;1
Ninagal_d;Ashurbanipal_RN;3
Ninagal_d;Sennacherib_RN;1
Ningal_d;Aya_d;15
Ningal_d;Šamaš_d;23
Ningal_d;Nusku_d;8
Ningal_d;Kippat-mati_d;3
Ningal_d;Antu_d;3
Ningal_d;Šala_d;3
Ningal_d;Ea_d;7
Ningal_d;Damkina_d;2
Ningal_d;Adad_d;7
Ningal_d;Belet-Nineveh_d;1
Ningal_d;Kakka_d;1
Ningal_d;Anu_d;3
Ningal_d;Ištar-Bit-Kidmuri_d;1
Ningal_d;Belet-ili_d;2
Ningal_d;Haya_d;1
Ningal_d;Nabu_d;5
Ningal_d;Ištar_Nineveh_d;3
Ningal_d;Kittu_d;1
Ningal_d;Zarpanitu_d;2
Ningal_d;Tašmetu_d;2
Ningal_d;Ninurta_d;3
Ningal_d;Ashurbanipal_RN;10
Ningal_d;Marduk_d;3
Ningal_d;Ištar_Arbail_d;2
Ningal_d;Sin_d;2
Ningal_d;Enlil_d;2
Ningal_d;Nergal_d;1
Ningal_d;Sargon_II_RN;2
Ninkura_d;Kusibanda_d;1
Ninkura_d;Ninagal_d;1
Ninkura_d;Ashurbanipal_RN;8
Ninlil_d;Enlil_d;8
Ninlil_d;Ištar_d;6
Ninlil_d;Nergal_d;1
Ninlil_d;Sin_d;1
Ninurta_d;Nusku_d;52
Ninurta_d;Nergal_d;63
Ninurta_d;Dagan_d;8
Ninurta_d;Madanu_d;5
Ninurta_d;Gula_d;7
Ninurta_d;Kakka_d;4
Ninurta_d;Anunnaki_d;6
Ninurta_d;Damkina_d;3
Ninurta_d;Ashurbanipal_RN;53
Ninurta_d;Tišpak_d;2
Ninurta_d;Baba_d;2
Ninurta_d;Anu_d;8
Ninurta_d;Igigi_d;6
Ninurta_d;Ea-šarru_d;2
Ninurta_d;Kusu_d;2
Ninurta_d;Haya_d;2
Ninurta_d;Ashurnasirpal_II_RN;22
Ninurta_d;Šarrat-nipha_d;2
Ninurta_d;Šala_d;2
Ninurta_d;Enlil_d;9
Ninurta_d;Ninurta_d;5
Ninurta_d;Adad_d;7
Ninurta_d;Ištar_d;6
Ninurta_d;Ištar-Aššuraya_d;2
Ninurta_d;Palil_d;1
Ninurta_d;Amurru_d;1
Ninurta_d;Kutatati_d;1
Ninurta_d;Sin_d;5
Ninurta_d;Shalmaneser_III_RN;9
Ninurta_d;Sebettu_d;1
Ninurta_d;Sargon_II_RN;9
Ninurta_d;Ninšiku_d;1
Ninurta_d;Kippat-mati_d;1
Ninurta_d;Aššur_d;4
Ninurta_d;Ea_d;1
Ninurta_d;Ištar_Nineveh_d;1
Ninurta_d;Ištar_Arbail_d;1
Ninurta_d;Nabu_d;3
Ninurta_d;Marduk_d;2
Ninurta_d;Sîn-šarru-iškun_RN;2
Ninurta_d;Nanaya_d;1
Ninurta_d;Esarhaddon_RN;1
Ninurta_d;Šamaš_d;1
Ninšiku_d;Kulla_d;1
Ninšiku_d;Sennacherib_RN;9
Ninšiku_d;Adad_d;1
Ninšiku_d;Sargon_II_RN;3
Ninšiku_d;Šamaš_d;1
Ninšiku_d;Esarhaddon_RN;2
Nisaba_d;Nisaba_d;3
Nisaba_d;Kubu_d;1
Nisaba_d;Baba_d;1
Nisaba_d;Zababa_d;1
Nisaba_d;Damkina_d;1
Nisaba_d;Šala_d;1
Nisaba_d;Belet-ili_d;1
Nisaba_d;Esarhaddon_RN;3
Nisaba_d;Sîn-šarru-iškun_RN;1
Nisaba_d;Ea_d;1
Nisaba_d;Ninurta_d;1
Nisaba_d;Nergal_d;1
Nisaba_d;Adad-nerari_II_RN;1
Nisaba_d;Ashurbanipal_RN;4
Nisaba_d;Sargon_II_RN;2
Nisaba_d;Aššur_d;1
Nudimmud_d;Igigi_d;2
Nudimmud_d;Ea_d;1
Nudimmud_d;Sin_d;1
Nudimmud_d;Tiglath-pileser_III_RN;1
Nudimmud_d;Aššur_d;1
Nudimmud_d;Marduk_d;1
Nudimmud_d;Esarhaddon_RN;2
Nudimmud_d;Ashurbanipal_RN;3
Nusku_d;Ninlil_d;8
Nusku_d;Nergal_d;16
Nusku_d;Ashurbanipal_RN;78
Nusku_d;Aya_d;4
Nusku_d;Kakka_d;3
Nusku_d;Madanu_d;3
Nusku_d;Kippat-mati_d;3
Nusku_d;Enlil_d;13
Nusku_d;Uraš_d;2
Nusku_d;Ištar_Nineveh_d;6
Nusku_d;Nusku_d;5
Nusku_d;Tišpak_d;1
Nusku_d;Ea_d;5
Nusku_d;Dayyanu_d;1
Nusku_d;Mullissu_d;5
Nusku_d;Sîn-šarru-iškun_RN;4
Nusku_d;Šakkan_d;1
Nusku_d;Dagan_d;2
Nusku_d;Ea-šarru_d;1
Nusku_d;Kutatati_d;1
Nusku_d;Kusu_d;1
Nusku_d;Haya_d;1
Nusku_d;Sebettu_d;1
Nusku_d;Šamaš_d;7
Nusku_d;Adad_d;4
Nusku_d;Šeruʾa_d;2
Nusku_d;Belet-ili_d;2
Nusku_d;Damkina_d;1
Nusku_d;Aššur_d;6
Nusku_d;Sin_d;4
Nusku_d;Ištar_Arbail_d;2
Nusku_d;Ningal_d;1
Nusku_d;Ninurta_d;1
Nusku_d;Esarhaddon_RN;3
Nusku_d;Tašmetu_d;1
Nusku_d;Bel_d;1
Palil_d;Dumuzi_d;1
Palil_d;Sebettu_d;1
Palil_d;Ea_d;1
Palil_d;Ashurbanipal_RN;2
Papsukkal_d;Šarrat-eqi_d;2
Papsukkal_d;Dumuzi_d;2
Papsukkal_d;Ulaya_d;1
Papsukkal_d;Belet-parṣi_d;1
Papsukkal_d;Kutatati_d;1
Papsukkal_d;Damkina_d;1
Papsukkal_d;Tašmetu_d;1
Papsukkal_d;Ea_d;1
Parak-šimati_d;Bel-agu_d;1
Parak-šimati_d;Parak-šimati_d;1
Parak-šimati_d;Kutatati_d;1
Parak-šimati_d;Belet-ili_d;2
Parak-šimati_d;Tašmetu_d;1
Parak-šimati_d;Nabu_d;1
Sargon_II_RN;Sargon_II_RN;1439
Sargon_II_RN;Haldi_d;26
Sargon_II_RN;Aššur_d;129
Sargon_II_RN;Bagbartu_d;8
Sargon_II_RN;Enlil_d;37
Sargon_II_RN;Adad_d;39
Sargon_II_RN;Ea_d;21
Sargon_II_RN;Anu_d;13
Sargon_II_RN;Marduk_d;20
Sargon_II_RN;Nabu_d;21
Sargon_II_RN;Sin_d;20
Sargon_II_RN;Šamaš_d;39
Sargon_II_RN;Asari_d;2
Sargon_II_RN;Ninurta_d;12
Sargon_II_RN;Mullissu_d;9
Sargon_II_RN;Ištar_d;12
Sargon_II_RN;Belet-ili_d;5
Sargon_II_RN;Bel_d;7
Sargon_II_RN;Kulla_d;2
Sargon_II_RN;Ningal_d;2
Sargon_II_RN;Ninšiku_d;1
Sargon_II_RN;Nergal_d;3
Sargon_II_RN;Nisaba_d;1
Sargon_II_RN;Ištar_Nineveh_d;1
Sebettu_d;Kidmuru_d;1
Sebettu_d;Amurru_d;1
Sebettu_d;Tiglath-pileser_III_RN;3
Sebettu_d;Šeruʾa_d;1
Sebettu_d;Mullissu_d;1
Sebettu_d;Shalmaneser_III_RN;1
Sebettu_d;Sennacherib_RN;1
Sebettu_d;Aššur_d;1
Sebettu_d;Sargon_II_RN;1
Sennacherib_RN;Sennacherib_RN;2387
Sennacherib_RN;Aššur_d;240
Sennacherib_RN;Ninšiku_d;7
Sennacherib_RN;Ištar_d;23
Sennacherib_RN;Adad_d;23
Sennacherib_RN;Igigi_d;10
Sennacherib_RN;Šamaš_d;21
Sennacherib_RN;Nergal_d;12
Sennacherib_RN;Sin_d;16
Sennacherib_RN;Šala_d;3
Sennacherib_RN;Tiamat_d;2
Sennacherib_RN;Enlil_d;10
Sennacherib_RN;Haya_d;2
Sennacherib_RN;Ea_d;7
Sennacherib_RN;Mullissu_d;4
Sennacherib_RN;Nanna_d;2
Sennacherib_RN;Bel_d;9
Sennacherib_RN;Nabu_d;5
Sennacherib_RN;Ištar_Nineveh_d;7
Sennacherib_RN;Ištar_Arbail_d;6
Sennacherib_RN;Ningal_d;2
Sennacherib_RN;Belet-ili_d;4
Sennacherib_RN;Anu_d;3
Sennacherib_RN;Šarur_d;1
Sennacherib_RN;Kakka_d;1
Sennacherib_RN;Madanu_d;1
Sennacherib_RN;Tišpak_d;1
Sennacherib_RN;Zababa_d;2
Sennacherib_RN;Kippat-mati_d;1
Sennacherib_RN;Anunnaki_d;1
Sennacherib_RN;Ninagal_d;1
Sennacherib_RN;Nusku_d;1
Sennacherib_RN;Šeruʾa_d;1
Sennacherib_RN;Kulla_d;1
Sennacherib_RN;Esarhaddon_RN;1
Sennacherib_RN;Ashurbanipal_RN;4
Shalmaneser_III_RN;Shalmaneser_III_RN;2439
Shalmaneser_III_RN;Aššur_d;127
Shalmaneser_III_RN;Amurru_d;5
Shalmaneser_III_RN;Adad_d;25
Shalmaneser_III_RN;Enlil_d;18
Shalmaneser_III_RN;Ninurta_d;13
Shalmaneser_III_RN;Anzu_d;3
Shalmaneser_III_RN;Anu_d;7
Shalmaneser_III_RN;Sebettu_d;3
Shalmaneser_III_RN;Šamaš_d;10
Shalmaneser_III_RN;Nergal_d;3
Shalmaneser_III_RN;Marduk_d;6
Shalmaneser_III_RN;Girra_d;1
Shalmaneser_III_RN;Adad-nerari_III_RN;2
Shalmaneser_III_RN;Ea_d;1
Shalmaneser_III_RN;Šamši-Adad_V_RN;2
Shalmaneser_III_RN;Ashurnasirpal_II_RN;1
Shalmaneser_IV_RN;Shalmaneser_IV_RN;7
Shalmaneser_IV_RN;Marduk_d;2
Shalmaneser_IV_RN;Adad_d;2
Shalmaneser_IV_RN;Aššur_d;3
Shalmaneser_IV_RN;Šamaš_d;2
Shalmaneser_IV_RN;Sin_d;1
Sin_d;Šamaš_d;221
Sin_d;Ištar_Nineveh_d;77
Sin_d;Ištar_Arbail_d;72
Sin_d;Nabu_d;112
Sin_d;Nergal_d;68
Sin_d;Bel_d;76
Sin_d;Ningal_d;29
Sin_d;Adad_d;82
Sin_d;Nusku_d;42
Sin_d;Šarrat-Kidmuri_d;22
Sin_d;Ninurta_d;55
Sin_d;Aya_d;15
Sin_d;Ištar-Bit-Kidmuri_d;10
Sin_d;Marduk_d;36
Sin_d;Ištar_d;27
Sin_d;Ashurbanipal_RN;84
Sin_d;Belet-ili_d;9
Sin_d;Tašmetu_d;10
Sin_d;Nanna_d;4
Sin_d;Anu_d;12
Sin_d;Sebettu_d;4
Sin_d;Ea_d;12
Sin_d;Uraš_d;3
Sin_d;Šala_d;3
Sin_d;Zarpanitu_d;7
Sin_d;Gula_d;4
Sin_d;Kippat-mati_d;3
Sin_d;Antu_d;3
Sin_d;Kakka_d;2
Sin_d;Šeruʾa_d;5
Sin_d;Kutatati_d;2
Sin_d;Kittu_d;2
Sin_d;Šarrat-nipha_d;2
Sin_d;Beltiya_d;2
Sin_d;Ashurnasirpal_II_RN;13
Sin_d;Ea-šarru_d;1
Sin_d;Kidmuru_d;1
Sin_d;Belet-Nineveh_d;1
Sin_d;Haya_d;1
Sin_d;Kusu_d;1
Sin_d;Esarhaddon_RN;14
Sin_d;Enlil_d;7
Sin_d;Belet-Babili_d;1
Sin_d;Belet-parṣi_d;1
Sin_d;Sargon_II_RN;16
Sin_d;Ninšiku_d;1
Sin_d;Damkina_d;1
Sin_d;Ṣalam_d;1
Sin_d;Mišaru_d;1
Sin_d;Madanu_d;1
Sin_d;Aššur_d;10
Sin_d;Adad-nerari_III_RN;1
Sin_d;Sennacherib_RN;9
Sin_d;Nanaya_d;1
Sin_d;Sin_d;4
Sin_d;Sîn-šarru-iškun_RN;2
Sin_d;Shalmaneser_III_RN;3
Sin_d;Mullissu_d;1
Sîn-šarru-iškun_RN;Sîn-šarru-iškun_RN;77
Sîn-šarru-iškun_RN;Tašmetu_d;7
Sîn-šarru-iškun_RN;Nabu_d;14
Sîn-šarru-iškun_RN;Ištar-Aššuraya_d;3
Sîn-šarru-iškun_RN;Belet-ili_d;4
Sîn-šarru-iškun_RN;Antu_d;2
Sîn-šarru-iškun_RN;Ea_d;4
Sîn-šarru-iškun_RN;Bel_d;4
Sîn-šarru-iškun_RN;Nisaba_d;2
Sîn-šarru-iškun_RN;Mullissu_d;2
Sîn-šarru-iškun_RN;Aššur_d;4
Sîn-šarru-iškun_RN;Sin_d;2
Sîn-šarru-iškun_RN;Šamaš_d;2
Sîn-šarru-iškun_RN;Ninurta_d;2
Sîn-šarru-iškun_RN;Nergal_d;2
Sîn-šarru-iškun_RN;Enlil_d;2
Sîn-šarru-iškun_RN;Ištar_d;1
Tašmetu_d;Kutatati_d;6
Tašmetu_d;Sîn-šarru-iškun_RN;22
Tašmetu_d;Nusku_d;12
Tašmetu_d;Laṣ_d;3
Tašmetu_d;Papsukkal_d;2
Tašmetu_d;Ištar_Nineveh_d;9
Tašmetu_d;Tašmetu_d;7
Tašmetu_d;Ištar-Aššuraya_d;4
Tašmetu_d;Nanaya_d;3
Tašmetu_d;Nergal_d;6
Tašmetu_d;Ištar_Arbail_d;5
Tašmetu_d;Šimati_d;1
Tašmetu_d;Šarrat-eqi_d;1
Tašmetu_d;Kippat-mati_d;2
Tašmetu_d;Kunuš-kadru_d;1
Tašmetu_d;Nabu_d;8
Tašmetu_d;Dumuzi_d;1
Tašmetu_d;Ulaya_d;1
Tašmetu_d;Bel-agu_d;1
Tašmetu_d;Dagan_d;2
Tašmetu_d;Ištar-Bit-Kidmuri_d;1
Tašmetu_d;Kakka_d;1
Tašmetu_d;Kittu_d;1
Tašmetu_d;Šarrat-Kidmuri_d;1
Tašmetu_d;Tiglath-pileser_III_RN;4
Tašmetu_d;Aššur_d;6
Tašmetu_d;Ninurta_d;2
Tašmetu_d;Sin_d;3
Tašmetu_d;Šamaš_d;4
Tašmetu_d;Marduk_d;1
Tašmetu_d;Esarhaddon_RN;2
Tašmetu_d;Ashurbanipal_RN;3
Tašmetu_d;Bel_d;1
Tašmetu_d;Sargon_II_RN;2
Tašmetu_d;Adad_d;2
Tašmetu_d;Ea_d;1
Tašmetu_d;Enlil_d;2
Tiamat_d;Šarur_d;1
Tiamat_d;Tiamat_d;1
Tiamat_d;Sennacherib_RN;2
Tiamat_d;Aššur_d;1
Tiglath-pileser_III_RN;Tiglath-pileser_III_RN;516
Tiglath-pileser_III_RN;Amurru_d;3
Tiglath-pileser_III_RN;Aššur_d;40
Tiglath-pileser_III_RN;Enlil_d;3
Tiglath-pileser_III_RN;Kakka_d;1
Tiglath-pileser_III_RN;Ištar_Nineveh_d;1
Tiglath-pileser_III_RN;Adad_d;1
Tiglath-pileser_III_RN;Marduk_d;1
Tiglath-pileser_III_RN;Šamaš_d;3
Tiglath-pileser_III_RN;Ištar_d;2
Tiglath-pileser_III_RN;Ninurta_d;1
Tišpak_d;Kubu_d;1
Tišpak_d;Ea-šarru_d;1
Tišpak_d;Haya_d;1
Tišpak_d;Kakka_d;1
Tišpak_d;Anzu_d;1
Tišpak_d;Kusu_d;1
Tišpak_d;Damkina_d;1
Tišpak_d;Madanu_d;1
Tišpak_d;Sebettu_d;1
Tišpak_d;Šeruʾa_d;1
Tišpak_d;Nusku_d;1
Tišpak_d;Sin_d;2
Tišpak_d;Anu_d;1
Tišpak_d;Ea_d;1
Tišpak_d;Ninurta_d;1
Tišpak_d;Šamaš_d;2
Tišpak_d;Aššur_d;1
Tukulti-Ninurta_II_RN;Tukulti-Ninurta_II_RN;172
Tukulti-Ninurta_II_RN;Aššur_d;11
Tukulti-Ninurta_II_RN;Ninurta_d;2
Tukulti-Ninurta_II_RN;Adad_d;2
Tukulti-Ninurta_II_RN;Sin_d;1
Tukulti-Ninurta_II_RN;Šamaš_d;1
Ulaya_d;Bel-labira_d;1
Ulaya_d;Dayyanu_d;1
Ulaya_d;Šakkan_d;1
Ulaya_d;Anzu_d;1
Ulaya_d;Dagan_d;1
Ulaya_d;Anu_d;1
Ulaya_d;Enlil_d;1
Uraš_d;Šimati_d;2
Uraš_d;Šarrat-eqi_d;2
Uraš_d;Belet-ekalli_d;2
Uraš_d;Anzu_d;1
Uraš_d;Aššur-etel-ilāni_RN;1
Uraš_d;Šeruʾa_d;2
Uraš_d;Belet-ili_d;2
Uraš_d;Ištar_Nineveh_d;2
Uraš_d;Ištar_Arbail_d;2
Uraš_d;Nergal_d;2
Uraš_d;Mullissu_d;2
Uraš_d;Ištar_d;1
Utulu_d;Šamši-Adad_V_RN;1
Utulu_d;Šamaš_d;1
Zababa_d;Baba_d;3
Zababa_d;Damkina_d;3
Zababa_d;Kakka_d;2
Zababa_d;Madanu_d;2
Zababa_d;Bel-labira_d;1
Zababa_d;Belet-ili_d;3
Zababa_d;Amurru_d;1
Zababa_d;Haya_d;1
Zababa_d;Ea_d;3
Zababa_d;Ninurta_d;3
Zababa_d;Gula_d;1
Zababa_d;Nergal_d;2
Zababa_d;Nusku_d;1
Zababa_d;Sennacherib_RN;4
Zababa_d;Marduk_d;1
Zababa_d;Sin_d;1
Zarpanitu_d;Tašmetu_d;31
Zarpanitu_d;Nabu_d;34
Zarpanitu_d;Laṣ_d;3
Zarpanitu_d;Nergal_d;6
Zarpanitu_d;Ištar_Nineveh_d;5
Zarpanitu_d;Ištar_Arbail_d;5
Zarpanitu_d;Papsukkal_d;1
Zarpanitu_d;Annunitu_d;1
Zarpanitu_d;Nanaya_d;2
Zarpanitu_d;Ištar-Bit-Kidmuri_d;1
Zarpanitu_d;Nusku_d;3
Zarpanitu_d;Sîn-šarru-iškun_RN;4
Zarpanitu_d;Beltiya_d;1
Zarpanitu_d;Esarhaddon_RN;8
Zarpanitu_d;Šarrat-Kidmuri_d;1
Zarpanitu_d;Tiglath-pileser_III_RN;4
Zarpanitu_d;Bel_d;2
Zarpanitu_d;Ashurbanipal_RN;10
Zarpanitu_d;Ningal_d;1
Zarpanitu_d;Belet-ili_d;1
Zarpanitu_d;Aššur_d;4
Zarpanitu_d;Sin_d;2
Zarpanitu_d;Adad_d;1
Zarpanitu_d;Mullissu_d;1
Zarpanitu_d;Ninurta_d;1
Zarpanitu_d;Marduk_d;1
Zarpanitu_d;Sargon_II_RN;2
Zarpanitu_d;Šamaš_d;1
Šakkan_d;Tišpak_d;1
Šakkan_d;Ea-šarru_d;1
Šakkan_d;Haya_d;1
Šakkan_d;Anzu_d;1
Šakkan_d;Kusu_d;1
Šakkan_d;Damkina_d;1
Šakkan_d;Enlil_d;2
Šakkan_d;Ea_d;1
Šakkan_d;Ištar_Nineveh_d;1
Šakkan_d;Ninurta_d;1
Šakkan_d;Ashurbanipal_RN;1
Šakkan_d;Šamaš_d;1
Šala_d;Baba_d;2
Šala_d;Damkina_d;3
Šala_d;Zababa_d;2
Šala_d;Belet-ili_d;4
Šala_d;Šarrat-nipha_d;2
Šala_d;Kubu_d;1
Šala_d;Dumuzi_d;1
Šala_d;Gula_d;2
Šala_d;Nisaba_d;2
Šala_d;Palil_d;1
Šala_d;Ištar-Bit-Kidmuri_d;1
Šala_d;Haya_d;1
Šala_d;Kusu_d;1
Šala_d;Ea_d;3
Šala_d;Ištar-Aššuraya_d;1
Šala_d;Sîn-šarru-iškun_RN;2
Šala_d;Ninurta_d;2
Šala_d;Sin_d;2
Šala_d;Nusku_d;1
Šala_d;Ištar_Nineveh_d;1
Šala_d;Ištar_Arbail_d;1
Šala_d;Nabu_d;1
Šala_d;Adad_d;1
Šala_d;Nergal_d;1
Šamaš_d;Adad_d;138
Šamaš_d;Ištar_Nineveh_d;81
Šamaš_d;Ištar_Arbail_d;76
Šamaš_d;Nabu_d;122
Šamaš_d;Nergal_d;74
Šamaš_d;Bel_d;83
Šamaš_d;Ninurta_d;66
Šamaš_d;Šarrat-Kidmuri_d;22
Šamaš_d;Nusku_d;40
Šamaš_d;Aya_d;16
Šamaš_d;Marduk_d;65
Šamaš_d;Ištar-Bit-Kidmuri_d;10
Šamaš_d;Esarhaddon_RN;96
Šamaš_d;Ištar_d;36
Šamaš_d;Belet-ili_d;13
Šamaš_d;Kusu_d;5
Šamaš_d;Ea_d;14
Šamaš_d;Asalluhi_d;3
Šamaš_d;Tašmetu_d;10
Šamaš_d;Enlil_d;18
Šamaš_d;Ashurnasirpal_II_RN;42
Šamaš_d;Shalmaneser_III_RN;41
Šamaš_d;Uraš_d;4
Šamaš_d;Kippat-mati_d;4
Šamaš_d;Zarpanitu_d;9
Šamaš_d;Ashurbanipal_RN;67
Šamaš_d;Kittu_d;3
Šamaš_d;Anu_d;9
Šamaš_d;Adad-nerari_III_RN;6
Šamaš_d;Antu_d;3
Šamaš_d;Šala_d;3
Šamaš_d;Sebettu_d;3
Šamaš_d;Sargon_II_RN;35
Šamaš_d;Šamaš_d;17
Šamaš_d;Damkina_d;2
Šamaš_d;Kakka_d;2
Šamaš_d;Haya_d;2
Šamaš_d;Beltiya_d;2
Šamaš_d;Kusibanda_d;1
Šamaš_d;Kunuš-kadru_d;1
Šamaš_d;Papsukkal_d;1
Šamaš_d;Anunnaki_d;2
Šamaš_d;Dagan_d;1
Šamaš_d;Kidmuru_d;1
Šamaš_d;Aššur_d;14
Šamaš_d;Sin_d;6
Šamaš_d;Šamši-Adad_V_RN;4
Šamaš_d;Aššur-dan_II_RN;3
Šamaš_d;Adad-nerari_II_RN;3
Šamaš_d;Tiglath-pileser_III_RN;4
Šamaš_d;Mullissu_d;5
Šamaš_d;Sennacherib_RN;17
Šamaš_d;Nanaya_d;2
Šamaš_d;Belet-Nineveh_d;1
Šamaš_d;Tiamat_d;1
Šamaš_d;Ninkura_d;1
Šamaš_d;Ninagal_d;1
Šamaš_d;Erra_d;1
Šamaš_d;Belet-parṣi_d;1
Šamaš_d;Sîn-šarru-iškun_RN;2
Šamaš_d;Šeruʾa_d;2
Šamaš_d;Gula_d;1
Šamaš_d;Ištar-Aššuraya_d;1
Šamaš_d;Ber_d;1
Šamaš_d;Ṣalam_d;1
Šamaš_d;Mišaru_d;1
Šamaš_d;Ningal_d;1
Šamaš_d;Annunitu_d;1
Šamaš_d;Ištaran_d;1
Šamaš_d;Laṣ_d;1
Šamaš_d;Zababa_d;1
Šamaš_d;Tukulti-Ninurta_II_RN;1
Šamši-Adad_V_RN;Šamši-Adad_V_RN;185
Šamši-Adad_V_RN;Aššur_d;18
Šamši-Adad_V_RN;Nanaya_d;2
Šamši-Adad_V_RN;Gula_d;2
Šamši-Adad_V_RN;Enlil_d;5
Šamši-Adad_V_RN;Shalmaneser_III_RN;8
Šamši-Adad_V_RN;Marduk_d;2
Šamši-Adad_V_RN;Adad-nerari_III_RN;1
Šamši-Adad_V_RN;Šamaš_d;1
Šarrat-Kidmuri_d;Ištar_Arbail_d;22
Šarrat-Kidmuri_d;Nusku_d;19
Šarrat-Kidmuri_d;Nergal_d;21
Šarrat-Kidmuri_d;Ninurta_d;21
Šarrat-Kidmuri_d;Belet-parṣi_d;1
Šarrat-Kidmuri_d;Ashurbanipal_RN;17
Šarrat-Kidmuri_d;Ashurnasirpal_II_RN;1
Šarrat-Kidmuri_d;Aššur_d;1
Šarrat-eqi_d;Šimati_d;2
Šarrat-eqi_d;Dumuzi_d;2
Šarrat-eqi_d;Damkina_d;2
Šarrat-eqi_d;Papsukkal_d;1
Šarrat-eqi_d;Ulaya_d;1
Šarrat-eqi_d;Belet-parṣi_d;1
Šarrat-eqi_d;Amurru_d;1
Šarrat-eqi_d;Uraš_d;1
Šarrat-eqi_d;Šarrat-nipha_d;1
Šarrat-eqi_d;Gula_d;1
Šarrat-eqi_d;Ea_d;2
Šarrat-eqi_d;Marduk_d;1
Šarrat-nipha_d;Belet-ekalli_d;4
Šarrat-nipha_d;Tišpak_d;2
Šarrat-nipha_d;Papsukkal_d;1
Šarrat-nipha_d;Šarrat-eqi_d;1
Šarrat-nipha_d;Dumuzi_d;1
Šarrat-nipha_d;Gula_d;2
Šarrat-nipha_d;Ea-šarru_d;1
Šarrat-nipha_d;Kidmuru_d;1
Šarrat-nipha_d;Belet-parṣi_d;1
Šarrat-nipha_d;Sebettu_d;1
Šarrat-nipha_d;Šarrat-nipha_d;1
Šarrat-nipha_d;Sin_d;4
Šarrat-nipha_d;Anu_d;2
Šarrat-nipha_d;Šeruʾa_d;1
Šarrat-nipha_d;Adad_d;1
Šarrat-nipha_d;Shalmaneser_III_RN;4
Šarrat-nipha_d;Ea_d;1
Šarrat-nipha_d;Ashurnasirpal_II_RN;2
Šarur_d;Tišpak_d;1
Šarur_d;Kakka_d;1
Šarur_d;Madanu_d;1
Šarur_d;Kusu_d;1
Šarur_d;Nusku_d;1
Šarur_d;Aššur_d;4
Šarur_d;Ninurta_d;1
Šarur_d;Esarhaddon_RN;1
Šeruʾa_d;Kippat-mati_d;10
Šeruʾa_d;Kutatati_d;4
Šeruʾa_d;Tašmetu_d;8
Šeruʾa_d;Ištar-Bit-Kidmuri_d;3
Šeruʾa_d;Šeruʾa_d;6
Šeruʾa_d;Antu_d;3
Šeruʾa_d;Belet-ili_d;5
Šeruʾa_d;Ištar_Nineveh_d;8
Šeruʾa_d;Sin_d;12
Šeruʾa_d;Ningal_d;4
Šeruʾa_d;Kakka_d;2
Šeruʾa_d;Haya_d;2
Šeruʾa_d;Kusu_d;2
Šeruʾa_d;Šala_d;2
Šeruʾa_d;Aya_d;2
Šeruʾa_d;Bel-agu_d;1
Šeruʾa_d;Laṣ_d;1
Šeruʾa_d;Šamaš_d;11
Šeruʾa_d;Anu_d;4
Šeruʾa_d;Ištar_Arbail_d;4
Šeruʾa_d;Belet-ekalli_d;1
Šeruʾa_d;Šakkan_d;1
Šeruʾa_d;Mullissu_d;5
Šeruʾa_d;Adad_d;5
Šeruʾa_d;Nusku_d;3
Šeruʾa_d;Ea_d;3
Šeruʾa_d;Nanaya_d;1
Šeruʾa_d;Nergal_d;2
Šeruʾa_d;Gula_d;1
Šeruʾa_d;Enlil_d;3
Šeruʾa_d;Dagan_d;1
Šeruʾa_d;Zarpanitu_d;1
Šeruʾa_d;Ninurta_d;2
Šeruʾa_d;Aššur_d;4
Šeruʾa_d;Bel_d;1
Šeruʾa_d;Nabu_d;1
Šeruʾa_d;Ištar_d;1
Šeruʾa_d;Esarhaddon_RN;1
Šeruʾa_d;Sennacherib_RN;1
Šimati_d;Papsukkal_d;2
Šimati_d;Šarrat-eqi_d;2
Šimati_d;Kubu_d;1
Šimati_d;Dumuzi_d;1
Šimati_d;Ulaya_d;1
Šimati_d;Annunitu_d;1
Šimati_d;Belet-Nineveh_d;1
Šimati_d;Damkina_d;1
Šimati_d;Šarrat-nipha_d;1
Šimati_d;Ea_d;1
Šimati_d;Marduk_d;1
Ṣalam_d;Malik_d;1
Ṣalam_d;Kunuš-kadru_d;1
Ṣalam_d;Bel-labira_d;1
Ṣalam_d;Tišpak_d;1
Ṣalam_d;Ṣalam_d;1
Ṣalam_d;Ea_d;1
Ṣalam_d;Nabu_d;1
