Name,Absolute frequency,Relative frequency
Aššur_d,2447,11.76
Šamaš_d,1879,9.03
Sin_d,1789,8.60
Marduk_d,1373,6.60
Nabu_d,1336,6.42
Enlil_d,646,3.10
Adad_d,641,3.08
Ištar_d,583,2.80
Bel_d,554,2.66
Ninurta_d,449,2.16
Ea_d,436,2.10
Nergal_d,379,1.82
Mullissu_d,313,1.50
Anu_d,303,1.46
Ištar_Nineveh_d,239,1.15
Ištar_Arbail_d,224,1.08
Nusku_d,185,0.89
Zarpanitu_d,183,0.88
Tašmetu_d,165,0.79
Belet-ili_d,147,0.71
Ningal_d,125,0.60
Igigi_d,122,0.59
Anzu_d,120,0.58
Anunnaki_d,114,0.55
Gula_d,109,0.52
Nanaya_d,80,0.38
An_d,75,0.36
Erra_d,72,0.35
Šeruʾa_d,69,0.33
Enki_d,58,0.28
Aya_d,57,0.27
Dumuzi_d,56,0.27
Asalluhi_d,51,0.25
Ninlil_d,50,0.24
Tiamat_d,48,0.23
Nisaba_d,48,0.23
Šala_d,45,0.22
Dagan_d,44,0.21
Antu_d,44,0.21
Zababa_d,43,0.21
Uraš_d,43,0.21
Damkina_d,42,0.20
Baba_d,42,0.20
Ištar-Aššuritu_d,38,0.18
Šarrat-nipha_d,36,0.17
Nudimmud_d,36,0.17
Ninkarrak_d,36,0.17
Kakka_d,35,0.17
Namtar_d,34,0.16
Utu_d,32,0.15
Sebettu_d,32,0.15
Ištaran_d,32,0.15
Girra_d,31,0.15
Ber_d,31,0.15
Laṣ_d,29,0.14
Kippat-mati_d,29,0.14
Šarrat-Kidmuri_d,28,0.13
Nanna_d,28,0.13
Madanu_d,28,0.13
Ereškigal_d,28,0.13
Ninŋirsuk_d,27,0.13
Beltiya_d,27,0.13
Papsukkal_d,26,0.12
Belet_d,26,0.12
Išum_d,24,0.12
Haldi_d,24,0.12
Belet-ekalli_d,24,0.12
Kusu_d,23,0.11
Bel-aliya_d,23,0.11
Gilgameš_d,22,0.11
Ninagal_d,21,0.10
Lugalira_d,21,0.10
Kulla_d,21,0.10
Kittu_d,21,0.10
Haya_d,21,0.10
Ugur_d,20,0.10
Nintinuga_d,20,0.10
Ninŋešzidak_d,20,0.10
Ninmah_d,20,0.10
Išhara_d,20,0.10
Ea-šarru_d,19,0.09
Dayyanu_d,18,0.09
Belet-parṣi_d,18,0.09
Annunitu_d,18,0.09
Tišpak_d,17,0.08
Ṣalam_d,17,0.08
Niššiku_d,17,0.08
Ninimma_d,17,0.08
Belet-Babili_d,17,0.08
Šakkan_d,16,0.08
Kubu_d,16,0.08
Belet-balaṭi_d,16,0.08
Anšar_d,16,0.08
Palil_d,15,0.07
Ninšubur_d,15,0.07
Mašmaš_d,15,0.07
Manungal_d,15,0.07
Ištar-Bit-Kidmuri_d,15,0.07
Inanak_d,15,0.07
Birdu_d,15,0.07
Asakku_d,15,0.07
Uttu_d,14,0.07
Šarur_d,14,0.07
Ninšiku_d,14,0.07
Meslamtaea_d,14,0.07
Belet-Arbail_d,14,0.07
Belet-Akkad_d,14,0.07
Amurru_d,14,0.07
Mišaru_d,13,0.06
Manzat_d,13,0.06
Lugalbanda_d,13,0.06
Enbilulu_d,13,0.06
Belet-ṣeri_d,13,0.06
Belet-Nineveh_d,13,0.06
Allatu_d,13,0.06
Sadarnuna_d,12,0.06
Parak-šimati_d,12,0.06
Ninkura_d,12,0.06
Kalkal_d,12,0.06
Ištar-Uruk_d,12,0.06
Gašanana_d,12,0.06
Erua_d,12,0.06
Erragal_d,12,0.06
Duranki_d,12,0.06
Bel-agu_d,12,0.06
Utulu_d,11,0.05
Mami_d,11,0.05
Kutatati_d,11,0.05
Enkidu_d,11,0.05
Asari_d,11,0.05
Šulpae_d,10,0.05
Pu-lišanu_d,10,0.05
Nunnamnir_d,10,0.05
Namma_d,10,0.05
Martu_d,10,0.05
Mar-biti_d,10,0.05
Kusibanda_d,10,0.05
Irnina_d,10,0.05
Diŋirmah_d,10,0.05
Damgalnunak_d,10,0.05
Bagbartu_d,10,0.05
Aššur-Enlil_d,10,0.05
Aššur-Adad_d,10,0.05
Ulaya_d,9,0.04
Tutu_d,9,0.04
Nin-SAR_d,9,0.04
Ninkasi_d,9,0.04
Ninazu_d,9,0.04
Lahmu_d,9,0.04
Kusarikku_d,9,0.04
Kidmuru_d,9,0.04
Ištar-šamû_d,9,0.04
Enmešara_d,9,0.04
Damu_d,9,0.04
Bel-šarri_d,9,0.04
Tambaya_d,8,0.04
Šarrat-eqi_d,8,0.04
Qingu_d,8,0.04
Nintur_d,8,0.04
Ninkilim_d,8,0.04
Ninki_d,8,0.04
Naru_d,8,0.04
Mummu_d,8,0.04
Malik_d,8,0.04
Lugal-Maradak_d,8,0.04
Lisikutu_d,8,0.04
Kunuš-kadru_d,8,0.04
Haniš_d,8,0.04
Halamu_d,8,0.04
Bel-labira_d,8,0.04
Atar-samayin_d,8,0.04
Uṣur-amassu_d,7,0.03
Šuziana_d,7,0.03
Suen_d,7,0.03
Siraš_d,7,0.03
Šimati_d,7,0.03
Šazu_d,7,0.03
Šarrat-šade_d,7,0.03
Ninmada_d,7,0.03
Ninkarnuna_d,7,0.03
Nanše_d,7,0.03
Mar-kitti_d,7,0.03
Lugalšude_d,7,0.03
Lugalsiga_d,7,0.03
Lamma-RA.BI_d,7,0.03
Ennugi_d,7,0.03
Bunene_d,7,0.03
Aruru_d,7,0.03
Amanki_d,7,0.03
Uʾugkataba_d,6,0.03
Urimgirizal_d,6,0.03
Šunippur_d,6,0.03
Sarranu_d,6,0.03
Šara_d,6,0.03
Ṣalam-šarri_d,6,0.03
Panunanki_d,6,0.03
Nungal_d,6,0.03
Ninnibruk_d,6,0.03
Ninkida_d,6,0.03
NIN-iribara_d,6,0.03
Ninigizibara_d,6,0.03
Ningirim_d,6,0.03
Neš-ili-mati_d,6,0.03
Maškimluharana_d,6,0.03
Lugalkisaʾa_d,6,0.03
La-tarak_d,6,0.03
Kigula_d,6,0.03
Ištar-Babili_d,6,0.03
Iškur_d,6,0.03
Il-pada_d,6,0.03
Igištum_d,6,0.03
Humhum_d,6,0.03
Gunura_d,6,0.03
Ešbaranki_d,6,0.03
Enlilbanda_d,6,0.03
Bel-ṣarbi_d,6,0.03
Aššur-kašidu_d,6,0.03
Aššur-Issar_d,6,0.03
Aššur-dayani_d,6,0.03
AmarSuen_d,6,0.03
Amanaŋtaga_d,6,0.03
Ab.U₂_d,6,0.03
Ziqiqu_d,5,0.02
Urkitu_d,5,0.02
Umu_d,5,0.02
Ugurtu_d,5,0.02
Udmenana_d,5,0.02
Udgirizalana_d,5,0.02
Udezidana_d,5,0.02
Taramuwa_d,5,0.02
Sumuqan_d,5,0.02
Šullat_d,5,0.02
Šerda_d,5,0.02
Šarrat-samme_d,5,0.02
Šarrat-nari_d,5,0.02
Šarrabu_d,5,0.02
Šargaz_d,5,0.02
Šalimtu_d,5,0.02
Paniŋara_d,5,0.02
Nuru_d,5,0.02
Nunura_d,5,0.02
Niphu-ṣalmu_d,5,0.02
Ninsun_d,5,0.02
Ninisinak_d,5,0.02
Ninegalak_d,5,0.02
Ninamaškuga_d,5,0.02
Nannabalaŋmah_d,5,0.02
Namraṣit_d,5,0.02
Nahunte_d,5,0.02
Muzebašeʾa_d,5,0.02
Mamu_d,5,0.02
Lugalsapar_d,5,0.02
Lugal-kisurra_d,5,0.02
Lugalida_d,5,0.02
Lugalaʾabak_d,5,0.02
Lahar_d,5,0.02
Kulilu_d,5,0.02
Kakku_d,5,0.02
Inpi_d,5,0.02
Inimanizi_d,5,0.02
Id_d,5,0.02
Gubaba_d,5,0.02
Gibil_d,5,0.02
Dunga_d,5,0.02
Amarazu_d,5,0.02
Alala_d,5,0.02
x_d,4,0.02
Uʾugkadua_d,4,0.02
Ušumursaŋkuradibdibe_d,4,0.02
Usumu_d,4,0.02
Ušumbarŋešpuʾeninnu_d,4,0.02
Uplu_d,4,0.02
Umunmudru_d,4,0.02
Tiʾtu_d,4,0.02
Šulak_d,4,0.02
Siusa_d,4,0.02
Sippar_d,4,0.02
Šentur_d,4,0.02
Šarrat-Nippur_d,4,0.02
Saŋkud_d,4,0.02
Šamšaya_d,4,0.02
Šalaš_d,4,0.02
Šagkušukalama_d,4,0.02
Šag₄.AN.ba_d,4,0.02
Qibiya-dumqi_d,4,0.02
Nusiliga_d,4,0.02
Nuru-ṣalmu_d,4,0.02
Nitazi_d,4,0.02
Nitah_d,4,0.02
Ninzadim_d,4,0.02
Ninudzale_d,4,0.02
Nintubabbar_d,4,0.02
Nin-siana_d,4,0.02
NIN-ŋauga_d,4,0.02
NIN-ŋagia_d,4,0.02
Ninmena_d,4,0.02
Ningublaga_d,4,0.02
Ningirida_d,4,0.02
Nindukuga_d,4,0.02
Nimintaba_d,4,0.02
Niggaba_d,4,0.02
Ŋešbar_d,4,0.02
Neberu_d,4,0.02
Nannabalaŋanki_d,4,0.02
Mušabšitu_d,4,0.02
Muru_d,4,0.02
Muluhursaŋa_d,4,0.02
Mermer_d,4,0.02
Maštaba_d,4,0.02
Lumha_d,4,0.02
Lugalkisuna_d,4,0.02
Lugal-KA-dudu_d,4,0.02
Lugaldukuga_d,4,0.02
Lugaldiŋira_d,4,0.02
Lugaladuga_d,4,0.02
Lugaladabdabe_d,4,0.02
Lahama_d,4,0.02
Kurahušaninukušu_d,4,0.02
Kugsud_d,4,0.02
Kubaba_d,4,0.02
Kidinbirbir_d,4,0.02
Kašidu_d,4,0.02
Kalappu_d,4,0.02
Kalamšagkušu_d,4,0.02
Kabta_d,4,0.02
Ištar-Kakkabi_d,4,0.02
Inšušinak_d,4,0.02
Illabundu_d,4,0.02
Idlurugu_d,4,0.02
Ibnasasa_d,4,0.02
Harmiš_d,4,0.02
Guzalu_d,4,0.02
Guanesil_d,4,0.02
Girra-birqu_d,4,0.02
Gimagan_d,4,0.02
Gazbaba_d,4,0.02
Gašanguedena_d,4,0.02
Gabahušguzubiabzu_d,4,0.02
Ešertu_d,4,0.02
Enzag_d,4,0.02
Enŋedru_d,4,0.02
Endukuga_d,4,0.02
Dumugir_d,4,0.02
Dumuduku_d,4,0.02
Duganagatil_d,4,0.02
Dugalugalanišaghuŋa_d,4,0.02
Dibar_d,4,0.02
Daglanu_d,4,0.02
Belet-Kidmuri_d,4,0.02
Belet-dunani_d,4,0.02
Banitu_d,4,0.02
Aššur-ša-sasuti_d,4,0.02
Aššur-dugul_d,4,0.02
Aššur-Aššur_d,4,0.02
Asaralimnuna_d,4,0.02
Anu-rabu_d,4,0.02
Anahiliba_d,4,0.02
Amurriqanu_d,4,0.02
Agu_d,4,0.02
Adad-Šala_d,4,0.02
Adad-birqu_d,4,0.02
Zulum_d,3,0.01
Ziqqurratu_d,3,0.01
Uʾugdiŋiriri_d,3,0.01
Uʾug_d,3,0.01
Usmu_d,3,0.01
UrZababa_d,3,0.01
Umunida_d,3,0.01
Umani-DIDI_d,3,0.01
Ukkin_d,3,0.01
Udgude_d,3,0.01
U_d,3,0.01
SU.ki.ŋar.ra_d,3,0.01
Sud_d,3,0.01
Sudaŋ_d,3,0.01
Šiddukišara_d,3,0.01
Šarrat-šame_d,3,0.01
Šarrat-Nineveh_d,3,0.01
Šarrat-Deri_d,3,0.01
Ṣarbu_d,3,0.01
Samu_d,3,0.01
Šamaš-ṣalmu_d,3,0.01
Sahirtu_d,3,0.01
Šagzu_d,3,0.01
Sabiʾlutu_d,3,0.01
Ruldawu_d,3,0.01
Rimu_d,3,0.01
Paširtu_d,3,0.01
Parisat-pale_d,3,0.01
Papahu_d,3,0.01
Pabilsag_d,3,0.01
Nur-ili_d,3,0.01
Nuhaya_d,3,0.01
Ninšigšig_d,3,0.01
Ninšar_d,3,0.01
Ninniŋinŋarak_d,3,0.01
Ninmug_d,3,0.01
Ninmešudu_d,3,0.01
Ninma-LU-LU_d,3,0.01
Ninlildagaldi_d,3,0.01
Ninkur_d,3,0.01
Ninkugnuna_d,3,0.01
Ninili_d,3,0.01
Ninildum_d,3,0.01
Ninguena_d,3,0.01
Nindamahdi_d,3,0.01
Nindagalzu_d,3,0.01
Ninda_d,3,0.01
Ninana_d,3,0.01
Nimindu_d,3,0.01
Ŋeštug_d,3,0.01
Nešu_d,3,0.01
Narunte_d,3,0.01
Nagaršaga_d,3,0.01
Mušmehuš_d,3,0.01
MunusKUmea_d,3,0.01
Muhra_d,3,0.01
Muʾati_d,3,0.01
Messagunug_d,3,0.01
Meliu_d,3,0.01
Mehuš_d,3,0.01
Medimsag_d,3,0.01
Marat-biti_d,3,0.01
Lusiŋara_d,3,0.01
Luma_d,3,0.01
Lugalušimsusu_d,3,0.01
Lugalsuršua_d,3,0.01
LugalRasap_d,3,0.01
Lugal.IGI.DU.an.na_d,3,0.01
LugalGudua_d,3,0.01
Lugalešbara_d,3,0.01
Lugaledinna_d,3,0.01
Lugal.DU.DU.šu₂.šu₂.a_d,3,0.01
Lugal.AN.ZA.GAR₃_d,3,0.01
Lugalana_d,3,0.01
Lugalabdubur_d,3,0.01
Lisi_d,3,0.01
Lamaštu_d,3,0.01
Lamassu_d,3,0.01
Lamasaga_d,3,0.01
LamaKakka_d,3,0.01
Laban_d,3,0.01
Kulittanati_d,3,0.01
Kitušgirizal_d,3,0.01
Karhuha_d,3,0.01
Kanisura_d,3,0.01
Ištaruru_d,3,0.01
Ištar-šibirri_d,3,0.01
Ištar-Šarrat-šame_d,3,0.01
Ištar-Huzirina_d,3,0.01
Ištar-Elamtu_d,3,0.01
Ištar-Bit-Eqi_d,3,0.01
Išme-karabu_d,3,0.01
Išme-ila_d,3,0.01
Isinitu_d,3,0.01
Innin_d,3,0.01
IGI.DARA₃.NU.RU.RU_d,3,0.01
Humbaba_d,3,0.01
Hulnuzu_d,3,0.01
Hulnisag_d,3,0.01
Hip-raggu_d,3,0.01
Hadaniš_d,3,0.01
Gugal_d,3,0.01
Gubara_d,3,0.01
Gayau_d,3,0.01
Gašranu_d,3,0.01
Gašanibizibara_d,3,0.01
Eṭiru_d,3,0.01
Etalak_d,3,0.01
Enzikalama_d,3,0.01
Enšagdug_d,3,0.01
Enpi_d,3,0.01
Enniŋirsi_d,3,0.01
Enlilzi_d,3,0.01
Enlil-Anu_d,3,0.01
Enkibir_d,3,0.01
Endašurima_d,3,0.01
Enbaragesi_d,3,0.01
Emu_d,3,0.01
Emeten_d,3,0.01
Egalkiba_d,3,0.01
Dikudsisa_d,3,0.01
Dikudanki_d,3,0.01
Daya_d,3,0.01
Dassu_d,3,0.01
Damunu_d,3,0.01
Dalhamun_d,3,0.01
Buru_d,3,0.01
Bel-Tarbaṣi_d,3,0.01
Belili_d,3,0.01
Belet-šarri_d,3,0.01
Belet-pale_d,3,0.01
Belet-Deri_d,3,0.01
Belet-ayyaki_d,3,0.01
Baiti-ili_d,3,0.01
Atar-quruma_d,3,0.01
Aštartu_d,3,0.01
Ašgi_d,3,0.01
Asaralim_d,3,0.01
AŠ.an.ta_d,3,0.01
Aria_d,3,0.01
Anšargal_d,3,0.01
Anbu_d,3,0.01
Anat-Baiti-ili_d,3,0.01
Amaušumgalana_d,3,0.01
Amašuhalbi_d,3,0.01
Amaraheʾea_d,3,0.01
Abirillu_d,3,0.01
Abakuwa_d,3,0.01
Zizanu_d,2,0.01
Zerku_d,2,0.01
Zariqu_d,2,0.01
Zanaru_d,2,0.01
Zammahundi_d,2,0.01
Zahgurim_d,2,0.01
Yasumunu_d,2,0.01
Yabnu_d,2,0.01
X_d,2,0.01
Uṣur-pišunu_d,2,0.01
Ušumgal_d,2,0.01
Ušumgalana_d,2,0.01
Urutab_d,2,0.01
Uru_d,2,0.01
Urigal_d,2,0.01
Unuku_d,2,0.01
Umunšude_d,2,0.01
Umunsapar_d,2,0.01
Umunšabzeb_d,2,0.01
Umunmuzida_d,2,0.01
Umunkisaʾa_d,2,0.01
Umunirra_d,2,0.01
Umunazu_d,2,0.01
Umunaʾabak_d,2,0.01
Ummegalazi_d,2,0.01
Uliud_d,2,0.01
Ukkumu_d,2,0.01
Uggu_d,2,0.01
Ugdabehuš_d,2,0.01
Uduran_d,2,0.01
UdugKakka_d,2,0.01
Udmenšuŋal_d,2,0.01
Udimahdib_d,2,0.01
Udgunundi_d,2,0.01
Uderara_d,2,0.01
Udeguba_d,2,0.01
Ude_d,2,0.01
Udeanta_d,2,0.01
Udbiredina_d,2,0.01
Ububul_d,2,0.01
Tur₃.DIM₂_d,2,0.01
Tukug_d,2,0.01
Tuenbieneenasaga_d,2,0.01
Tuduga_d,2,0.01
Timuʾa_d,2,0.01
Telam_d,2,0.01
Tatuyate_d,2,0.01
Targulkalama_d,2,0.01
Taduruna_d,2,0.01
Šuzabarkug_d,2,0.01
Šusaduga_d,2,0.01
Šurinnu_d,2,0.01
Sunšittu_d,2,0.01
Šunidugud_d,2,0.01
SunGAMsara_d,2,0.01
Sunabšaga_d,2,0.01
Šumudu_d,2,0.01
Šul.pa.e₃.DAR.a_d,2,0.01
Šulpaeamaš_d,2,0.01
SU.KUR_d,2,0.01
Sukkulu_d,2,0.01
Šudanu_d,2,0.01
Šuburazida_d,2,0.01
Šitemme-pišunu_d,2,0.01
Šitamme-karabu_d,2,0.01
Šissa_d,2,0.01
Ši-šarrat_d,2,0.01
Šimat-belet-ali_d,2,0.01
Šimaliya_d,2,0.01
Silagara_d,2,0.01
Sigzagina_d,2,0.01
Siginna_d,2,0.01
Šidada_d,2,0.01
Šerah_d,2,0.01
Šennukušu_d,2,0.01
Šatru_d,2,0.01
Sapag_d,2,0.01
Saŋšunuba_d,2,0.01
Saŋgal_d,2,0.01
Saŋbaršudu_d,2,0.01
Šamšu-matati_d,2,0.01
Samnuha_d,2,0.01
Samandumuana_d,2,0.01
Salmanu_d,2,0.01
Salila_d,2,0.01
Sakardug_d,2,0.01
Šahan_d,2,0.01
Šagtur_d,2,0.01
Šagdubur_d,2,0.01
Šagadula_d,2,0.01
Raṭu_d,2,0.01
Rappankusbe_d,2,0.01
Ragiba_d,2,0.01
Rabiṣu-beti_d,2,0.01
Pišu-kina_d,2,0.01
Partikira_d,2,0.01
Parsi_d,2,0.01
Panintimri_d,2,0.01
Pagalguena_d,2,0.01
Nur-Šamaš_d,2,0.01
Nunšar_d,2,0.01
Numušda_d,2,0.01
Niš-igigani_d,2,0.01
Nirah_d,2,0.01
NIN-zu_d,2,0.01
Ninzizna_d,2,0.01
Ninzilzil_d,2,0.01
Ninuru_d,2,0.01
Ninul_d,2,0.01
Ninudtila_d,2,0.01
Ninudikišara_d,2,0.01
Ninsiŋarana_d,2,0.01
Ninsikila_d,2,0.01
Ninšeš_d,2,0.01
Ninšekue_d,2,0.01
Ninnun_d,2,0.01
NIN-ŋabura_d,2,0.01
Nin-NE-RA_d,2,0.01
Nin.MUŠ₂.za.gin₃.na_d,2,0.01
Ninmul_d,2,0.01
Ninmešara_d,2,0.01
Ninmenanna_d,2,0.01
Ninmarkik_d,2,0.01
Ninmara_d,2,0.01
NIN-magura_d,2,0.01
Nin-LU_d,2,0.01
Ninkuŋal_d,2,0.01
Ninkulkul_d,2,0.01
Ninkisura_d,2,0.01
Ninkišara_d,2,0.01
Ninkiŋgal_d,2,0.01
Ninkiaŋnuna_d,2,0.01
Ninkašbaranki_d,2,0.01
Ninittu_d,2,0.01
Niniriula_d,2,0.01
NIN-irikuga_d,2,0.01
Niniri_d,2,0.01
Ninigikug_d,2,0.01
Ninhursag_d,2,0.01
Ninhenuna_d,2,0.01
NIN-halbilib_d,2,0.01
Ninguharana_d,2,0.01
Niŋudidug_d,2,0.01
Ningirgilum_d,2,0.01
Ningikuga_d,2,0.01
Niŋgina_d,2,0.01
NinGANdu_d,2,0.01
Ninganam_d,2,0.01
Ningal-KU_d,2,0.01
Nin.e₂.HA.ma_d,2,0.01
Ninduluma_d,2,0.01
Nin-DU_d,2,0.01
Nin-DIRI_d,2,0.01
Nindim_d,2,0.01
Nindašurima_d,2,0.01
Ninbiluh_d,2,0.01
Nin-Bau_d,2,0.01
Ninbaragesi_d,2,0.01
Ninamaš_d,2,0.01
Ninabzu_d,2,0.01
Ninabdubur_d,2,0.01
Niminalam_d,2,0.01
Ŋisaʾa_d,2,0.01
Ŋeššu_d,2,0.01
Ŋešše_d,2,0.01
Ŋeššardabdab_d,2,0.01
Ŋeš.PA_d,2,0.01
Ŋešnua_d,2,0.01
Ŋešŋiri_d,2,0.01
Ŋešgu_d,2,0.01
Ŋedrusisa_d,2,0.01
Ŋatumdug_d,2,0.01
Ner-e-tagmil_d,2,0.01
Nera_d,2,0.01
Nemudu_d,2,0.01
Nemed-Illil_d,2,0.01
Napriš_d,2,0.01
Nanibgal_d,2,0.01
Namtila_d,2,0.01
Nadin-me-qati_d,2,0.01
Nadimud_d,2,0.01
Nabsa_d,2,0.01
Nabirtu_d,2,0.01
Muštabbabbu_d,2,0.01
MunusKIa_d,2,0.01
Mullilzi_d,2,0.01
Mukil-me-balaṭi_d,2,0.01
Muheŋala_d,2,0.01
Milqartu_d,2,0.01
Milma_d,2,0.01
Me.nu.a.ZU_d,2,0.01
Menuaru_d,2,0.01
Menuani_d,2,0.01
Mekug_d,2,0.01
ME.abzu_d,2,0.01
Marutukku_d,2,0.01
Mari-Utu_d,2,0.01
Marat-Sin_d,2,0.01
Marʾat-nari_d,2,0.01
Marʾat-Adad_d,2,0.01
Marad_d,2,0.01
Manlaharbanu_d,2,0.01
Mamundu_d,2,0.01
Magulaʾana_d,2,0.01
Lulim_d,2,0.01
Lugalŋirura_d,2,0.01
Lugalnamtara_d,2,0.01
Lugalmeurur_d,2,0.01
Lugalmešudu_d,2,0.01
Lugalmelama_d,2,0.01
Lugalmedu_d,2,0.01
Lugalkušsusu_d,2,0.01
Lugalkugnuna_d,2,0.01
Lugalkigula_d,2,0.01
Lugalkešda_d,2,0.01
Lugalkalaga_d,2,0.01
Lugalimingu_d,2,0.01
Lugaligikukkua_d,2,0.01
Lugalhušanikuranuila_d,2,0.01
Lugalheŋal_d,2,0.01
Lugalgururugu_d,2,0.01
Lugalgirizala_d,2,0.01
Lugalganasusu_d,2,0.01
Lugalgalabzu_d,2,0.01
Lugaleša_d,2,0.01
Lugalenuna_d,2,0.01
LugalEana_d,2,0.01
Lugaldušua_d,2,0.01
Lugaldimerankia_d,2,0.01
Lugaldalhamun_d,2,0.01
LugalAnepada_d,2,0.01
Lugalabzu_d,2,0.01
Lubelim_d,2,0.01
Luana_d,2,0.01
Lahamun_d,2,0.01
Lahamu_d,2,0.01
Lagamaru_d,2,0.01
La-gamal_d,2,0.01
Kušu_d,2,0.01
Kurunitu_d,2,0.01
Kuribu_d,2,0.01
Kurdaru_d,2,0.01
Kulittu_d,2,0.01
Kuku_d,2,0.01
Kišitu_d,2,0.01
Ki.šar₂.šar₂.U₂_d,2,0.01
Kišar_d,2,0.01
Kirsamas_d,2,0.01
Kippatu_d,2,0.01
Kippat-mati-ṣalmu_d,2,0.01
Kinma_d,2,0.01
Kiŋgaluda_d,2,0.01
Kindazid_d,2,0.01
Kindakarbu_d,2,0.01
Kilidaŋala_d,2,0.01
Kidudu_d,2,0.01
Kataranki_d,2,0.01
Kataed_d,2,0.01
Kašbar_d,2,0.01
Karsa_d,2,0.01
Kardug_d,2,0.01
Kalkal-ṣalmu_d,2,0.01
Kakki-Aššur_d,2,0.01
Kaheŋal_d,2,0.01
KA.DUN₃.na_d,2,0.01
Kabanisilima_d,2,0.01
Izuzu_d,2,0.01
Itur-matišu_d,2,0.01
Ittu_d,2,0.01
Ištar-tašme_d,2,0.01
Ištar-ṣalmu_d,2,0.01
Isimud_d,2,0.01
Išartu_d,2,0.01
Irugga_d,2,0.01
Irqingu_d,2,0.01
Iqbi-damiq_d,2,0.01
Ipte-bit_d,2,0.01
Inurta-ṣalmani_d,2,0.01
Inimduga_d,2,0.01
Iminbi_d,2,0.01
Iltebu_d,2,0.01
Illat_d,2,0.01
Ikšuda_d,2,0.01
Igiheŋal_d,2,0.01
IGI.DARA₃.RU.RU_d,2,0.01
Igibišesilima_d,2,0.01
Igibišenamtila_d,2,0.01
Igalimak_d,2,0.01
Id₂.ŠU_d,2,0.01
Id₂.ME.ŠU_d,2,0.01
Idimhuš_d,2,0.01
Ibnahaza_d,2,0.01
Ibna_d,2,0.01
Huškia_d,2,0.01
Hiburnu_d,2,0.01
HI.a₂.gu.an.na_d,2,0.01
Hedimkug_d,2,0.01
Har_d,2,0.01
Halmu_d,2,0.01
Guhašla_d,2,0.01
Gugal-namruti_d,2,0.01
Gudgud_d,2,0.01
Gilima_d,2,0.01
Gašantinluba_d,2,0.01
Gašannimara_d,2,0.01
Gašanmešudu_d,2,0.01
Gašanmauga_d,2,0.01
Gašanmah_d,2,0.01
Gašanmagia_d,2,0.01
Gašankigal_d,2,0.01
Gašankiaŋnuna_d,2,0.01
Gašanhursaŋ_d,2,0.01
Gašangirida_d,2,0.01
Garaʾali_d,2,0.01
Gamilu_d,2,0.01
Gallu_d,2,0.01
Galagal_d,2,0.01
Ešme-karab_d,2,0.01
Esiskur_d,2,0.01
Ermiš_d,2,0.01
Enul_d,2,0.01
Enudtila_d,2,0.01
Enšar_d,2,0.01
Ennuŋsilima_d,2,0.01
Ennun_d,2,0.01
Enmul_d,2,0.01
En-LU_d,2,0.01
Enlil-Inurta_d,2,0.01
Enkur_d,2,0.01
Enkuŋal_d,2,0.01
Enkipada_d,2,0.01
Enkiŋgal_d,2,0.01
Eniriula_d,2,0.01
Enidimanki_d,2,0.01
Engidudu_d,2,0.01
Engara_d,2,0.01
Enʾeʾimdu_d,2,0.01
Endukugtaede_d,2,0.01
En-DU_d,2,0.01
Enda_d,2,0.01
Enbiluh_d,2,0.01
Enana_d,2,0.01
Enamaš_d,2,0.01
Ena_d,2,0.01
Elum_d,2,0.01
Elagu_d,2,0.01
Eadiriga_d,2,0.01
Duruna_d,2,0.01
Duri_d,2,0.01
Dumuzidabzuk_d,2,0.01
Dumununa_d,2,0.01
Dukuga_d,2,0.01
Dugašuibgigi_d,2,0.01
Duganizi_d,2,0.01
Duga_d,2,0.01
Dugabšugigi_d,2,0.01
DiŋirMartu_d,2,0.01
Dingirgubbu_d,2,0.01
Dilimbabbar_d,2,0.01
Dikud_d,2,0.01
Dari_d,2,0.01
Dakiu_d,2,0.01
Dakdadra_d,2,0.01
Dahšešreš_d,2,0.01
Buršusikil_d,2,0.01
Buršusal_d,2,0.01
Burnuntasaʾa_d,2,0.01
Bišeba_d,2,0.01
Bilala_d,2,0.01
Beltu-ša-Uruk_d,2,0.01
Bel-matati_d,2,0.01
Bel-Kurbail_d,2,0.01
Belet-ṣarbi_d,2,0.01
Belet-Nippur_d,2,0.01
Belanu_d,2,0.01
Baragula_d,2,0.01
BaragsigaNibru_d,2,0.01
Bara_d,2,0.01
Baliha_d,2,0.01
Balaŋa_d,2,0.01
BALAG.e.diri_d,2,0.01
Bahar_d,2,0.01
Ayapagsina_d,2,0.01
Atu_d,2,0.01
Aššur-Šakkan-Tišpak_d,2,0.01
Aššur-Lahmani_d,2,0.01
Aššur-agu_d,2,0.01
Ašra-killa_d,2,0.01
Aranuna_d,2,0.01
Aramiš_d,2,0.01
Apla-Adad_d,2,0.01
Aŋeššub_d,2,0.01
Angal_d,2,0.01
Amman-kasiMAŠ_d,2,0.01
Amiluana_d,2,0.01
Amaŋurušene_d,2,0.01
Amamuru_d,2,0.01
Amaga_d,2,0.01
Amadubad_d,2,0.01
Alu_d,2,0.01
Almanu_d,2,0.01
Alim_d,2,0.01
Alammuš_d,2,0.01
Aladsaga_d,2,0.01
Alad_d,2,0.01
A.KU_d,2,0.01
Aguba_d,2,0.01
Addugnun_d,2,0.01
Adad-Enlil_d,2,0.01
Abtagigi_d,2,0.01
Abšušu_d,2,0.01
Abkišar_d,2,0.01
Abanu_d,2,0.01
Zulummar_d,1,0.00
Zizida_d,1,0.00
Ziukkin_d,1,0.00
Zišumu_d,1,0.00
Zisi_d,1,0.00
Zimingi_d,1,0.00
Zilzil_d,1,0.00
Zikarsi_d,1,0.00
Zibur_d,1,0.00
Zertur_d,1,0.00
Zammiru_d,1,0.00
Zalaga_d,1,0.00
Zahrim_d,1,0.00
Zagin-ŠUL_d,1,0.00
Zagin-NIM-ma_d,1,0.00
Zaginhušhuš_d,1,0.00
Zagingaz_d,1,0.00
Zagangala_d,1,0.00
Zabardaba_d,1,0.00
Yabritu_d,1,0.00
Utudi_d,1,0.00
Ušumšagsu_d,1,0.00
Usumah_d,1,0.00
Ussu_d,1,0.00
USAN₂-PA-SIKIL_d,1,0.00
Usakar_d,1,0.00
Ur-Suena_d,1,0.00
Urimaš_d,1,0.00
UR.gu.ru_d,1,0.00
Urbilitu_d,1,0.00
Urbatu_d,1,0.00
Urbaddumu_d,1,0.00
Urbadagubgubu_d,1,0.00
Urana_d,1,0.00
Unududu_d,1,0.00
Ungasaga_d,1,0.00
Umuštaabzu_d,1,0.00
Umuškita_d,1,0.00
Umušana_d,1,0.00
Umunurta_d,1,0.00
UmunTintir_d,1,0.00
Umunšudeana_d,1,0.00
Umunšubur_d,1,0.00
Umunnundaŋala_d,1,0.00
Umunŋuruša_d,1,0.00
Umunmersi_d,1,0.00
Umunlibirsi_d,1,0.00
Umunki_d,1,0.00
Umunkarnuna_d,1,0.00
Umunirigala_d,1,0.00
UmunIndagara_d,1,0.00
Umuneša_d,1,0.00
Umunduluma_d,1,0.00
Umun_d,1,0.00
Umunbilulu_d,1,0.00
Umunbanda_d,1,0.00
Umunankia_d,1,0.00
Umunabzu_d,1,0.00
Umunabdubur_d,1,0.00
Ummeda_d,1,0.00
Um-il-ali_d,1,0.00
Umbidaki_d,1,0.00
Ulsiga_d,1,0.00
Ulšara_d,1,0.00
Ulinuša_d,1,0.00
Ukkinuru_d,1,0.00
Uhiʾa_d,1,0.00
Ugunu_d,1,0.00
UG-nima_d,1,0.00
UD.ni.PEŠ_d,1,0.00
Udkaninnu_d,1,0.00
Udgununsag_d,1,0.00
Ubirbir_d,1,0.00
Ubanuila_d,1,0.00
Uʾanuna_d,1,0.00
Tuša_d,1,0.00
Turrakarak_d,1,0.00
Tukur_d,1,0.00
Tukulti-Emašmaš_d,1,0.00
Tišamme-pi-mukribi_d,1,0.00
Tiruru_d,1,0.00
Tirana_d,1,0.00
Tibirakalama_d,1,0.00
Tibiradiŋirene_d,1,0.00
Tibalama_d,1,0.00
Teššub_d,1,0.00
Telītum_d,1,0.00
Telepinu_d,1,0.00
Tašme-zikri_d,1,0.00
Targulana_d,1,0.00
Tahura_d,1,0.00
Šušinak_d,1,0.00
Šušanaku_d,1,0.00
Šušanabi_d,1,0.00
Surŋaŋa_d,1,0.00
Šuriha_d,1,0.00
Šuqamuna_d,1,0.00
Sunzi_d,1,0.00
Šulšaganak_d,1,0.00
Šulpaguna_d,1,0.00
Šulpaeutulam_d,1,0.00
Šulpaetaria_d,1,0.00
Šulpaesua_d,1,0.00
Šulpaʾamaša_d,1,0.00
Šullala_d,1,0.00
Šulazida_d,1,0.00
Šulagubu_d,1,0.00
Šukurgallu_d,1,0.00
Šukanaya_d,1,0.00
Suhrim_d,1,0.00
Suhgurim_d,1,0.00
Šugur_d,1,0.00
Šugalanzu_d,1,0.00
Sudkam_d,1,0.00
Šubur-Tutu_d,1,0.00
Šubanuna_d,1,0.00
Šuba_d,1,0.00
Šitatarru_d,1,0.00
Šitagam_d,1,0.00
Šita_d,1,0.00
Sirsir_d,1,0.00
Širiš_d,1,0.00
SIPAD-DU₃-DU₃_d,1,0.00
Šina-marati_d,1,0.00
Simua_d,1,0.00
Šiltahanu_d,1,0.00
Sikilamesi_d,1,0.00
Siki_d,1,0.00
Šikaggu_d,1,0.00
Siʾiminbi_d,1,0.00
Šihhaš_d,1,0.00
SIG₇.zi.zi.da_d,1,0.00
Sigzi_d,1,0.00
Sigsig_d,1,0.00
Sigga_d,1,0.00
Siaku_d,1,0.00
Šeru_d,1,0.00
Šeršeri_d,1,0.00
Šeriš_d,1,0.00
Šeriŋaŋa_d,1,0.00
Šeŋbarimime_d,1,0.00
Šena-ilan_d,1,0.00
Šembizida_d,1,0.00
Šelašu_d,1,0.00
Šawuška_d,1,0.00
Sarsare_d,1,0.00
Šaršar_d,1,0.00
Šarratu_d,1,0.00
Šarrat-nakkanti_d,1,0.00
Šarrat-Esaggil_d,1,0.00
Šarrat-Amqarruna_d,1,0.00
Šarrahitu_d,1,0.00
Šarkiŋ_d,1,0.00
Šargia_d,1,0.00
Sapin-ayyabi_d,1,0.00
Saŋ.NIG₂.saŋ_d,1,0.00
Saŋkulkul_d,1,0.00
Saŋkar_d,1,0.00
Saŋaš_d,1,0.00
ŠA.NE_d,1,0.00
Šanabi_d,1,0.00
Same_d,1,0.00
Salulu_d,1,0.00
SAL.SAL.BAR_d,1,0.00
Ṣalam-šamši_d,1,0.00
Šakin-arhi_d,1,0.00
Sakalama_d,1,0.00
Šagzumah_d,1,0.00
Šag₄.ZI_d,1,0.00
Šadu_d,1,0.00
Šadanu_d,1,0.00
Sablu_d,1,0.00
Šabasiya_d,1,0.00
Rimat-Ninsun_d,1,0.00
RI.ha.ab_d,1,0.00
Rašu_d,1,0.00
Rarim_d,1,0.00
Rammanu_d,1,0.00
Ramimu_d,1,0.00
Ragimu_d,1,0.00
Rabiṣ-kussi_d,1,0.00
Qurbu-nešmuša_d,1,0.00
Qat-rabutu_d,1,0.00
Qarradu_d,1,0.00
Qarradati_d,1,0.00
Qaldaitu_d,1,0.00
Puzur_d,1,0.00
Piṭuh-idugul_d,1,0.00
Piriŋmeme_d,1,0.00
Piriggal_d,1,0.00
Pešgal_d,1,0.00
Pazuzu_d,1,0.00
Patindug_d,1,0.00
PA.ŠID_d,1,0.00
NunusAŠtumu_d,1,0.00
Nunsaŋmah_d,1,0.00
Nunnir_d,1,0.00
NUN-mua_d,1,0.00
Nundumkuga_d,1,0.00
Nunbaršegunu_d,1,0.00
Nunbarhuš_d,1,0.00
Nunabzu_d,1,0.00
Nubalu_d,1,0.00
Nisabaursaŋ_d,1,0.00
Niridu_d,1,0.00
Ninzuʾanak_d,1,0.00
Ninursala_d,1,0.00
Ninurim_d,1,0.00
Ninuri_d,1,0.00
Ninur_d,1,0.00
Ninummasaga_d,1,0.00
Ninulšutag_d,1,0.00
Nintula_d,1,0.00
Nintukusu_d,1,0.00
NIN-tugniŋlašudu_d,1,0.00
NinTintir_d,1,0.00
Nintimudkalama_d,1,0.00
Nintilmud_d,1,0.00
NIN-tihal_d,1,0.00
Ninti_d,1,0.00
NINtargul_d,1,0.00
Ninšudu_d,1,0.00
Ninšubakalama_d,1,0.00
Ninsirsir_d,1,0.00
Ninsig_d,1,0.00
Ninsaggirgi_d,1,0.00
Ninsaʾa_d,1,0.00
Ninpusaŋ_d,1,0.00
Ninpirig_d,1,0.00
Ninpamulesi_d,1,0.00
Ninniŋgina_d,1,0.00
Ninnima_d,1,0.00
NIN.NIG₂.KA.na.ra_d,1,0.00
Ninŋešhurana_d,1,0.00
NIN-ŋauna_d,1,0.00
Ninnamtartare_d,1,0.00
NinMuru_d,1,0.00
Ninmulnuna_d,1,0.00
Ninmulguna_d,1,0.00
Nin-MI-AB-DA_d,1,0.00
Ninmeteabzu_d,1,0.00
Ninmedimsag_d,1,0.00
Ninmedimanki_d,1,0.00
Ninmedimana_d,1,0.00
NIN-kirsig_d,1,0.00
Ninkiriamaša_d,1,0.00
Ninkašbarak_d,1,0.00
Nin-KALAM-ziŋala_d,1,0.00
Ninirisaŋa_d,1,0.00
Ninirisala_d,1,0.00
Ninirišaga_d,1,0.00
Ninirimundu_d,1,0.00
NIN-iribil_d,1,0.00
NinIndagara_d,1,0.00
NIN-igigunu_d,1,0.00
Ninigiabzu_d,1,0.00
Ninigara_d,1,0.00
Nin.IB_d,1,0.00
Ninhursaŋkalama_d,1,0.00
Niŋziŋaldimdime_d,1,0.00
Niŋzida_d,1,0.00
Ninguedina_d,1,0.00
Ningubiduga_d,1,0.00
Niŋsisa_d,1,0.00
Ningalana_d,1,0.00
Nineturkalama_d,1,0.00
Ninennun-PA_d,1,0.00
Ninenlugalene_d,1,0.00
NIN-Ekura_d,1,0.00
Nin-Eana_d,1,0.00
Nindusaŋ_d,1,0.00
Nindudra_d,1,0.00
Nindiŋirenek_d,1,0.00
Nindara_d,1,0.00
Ninbursal_d,1,0.00
Ninbizeg_d,1,0.00
Ninbahar_d,1,0.00
Ninbad_d,1,0.00
Ninanzud_d,1,0.00
Ninantaŋal_d,1,0.00
Ninaŋa_d,1,0.00
Nin-AMA-e_d,1,0.00
Ninahakuddu_d,1,0.00
Ninadamkuga_d,1,0.00
Nimgirgire_d,1,0.00
Ŋeštugusu_d,1,0.00
Ŋeštugaŋal_d,1,0.00
Ŋeštugabzu_d,1,0.00
Ŋeštin_d,1,0.00
Ŋeštinanak_d,1,0.00
Ŋešsuga_d,1,0.00
Ŋešnugal_d,1,0.00
Ŋešlaʾabzu_d,1,0.00
Ŋešhurmahsusu_d,1,0.00
Ŋešdua_d,1,0.00
Ŋedrušudu_d,1,0.00
Nemed-Lagudu_d,1,0.00
Narudu_d,1,0.00
Napiriša_d,1,0.00
Naʾparu_d,1,0.00
Namzida_d,1,0.00
Namuš_d,1,0.00
Namtartu_d,1,0.00
Namšub_d,1,0.00
Naʾibu_d,1,0.00
Nagbu_d,1,0.00
Nagarnamlulu_d,1,0.00
Nabarbi_d,1,0.00
Nabale_d,1,0.00
Na.AB.ri.si_d,1,0.00
Muzibsa_d,1,0.00
Mutu_d,1,0.00
Mutin_d,1,0.00
Mutinana_d,1,0.00
Muṣuruna_d,1,0.00
Muštešir-habli_d,1,0.00
Mušgallu_d,1,0.00
Mušdama_d,1,0.00
Mušda_d,1,0.00
Murtaṣnu_d,1,0.00
Murtaʾʾimu_d,1,0.00
Munussaʾa_d,1,0.00
Multahhišu_d,1,0.00
Mullissu-ša-sasuti_d,1,0.00
Mullissu-ṣalmu_d,1,0.00
Mullil_d,1,0.00
Mullilbanda_d,1,0.00
Mulandiri_d,1,0.00
Mulahhišu_d,1,0.00
Mula_d,1,0.00
Mukin-arhi_d,1,0.00
Mudkešda_d,1,0.00
Mitumsaŋninnu_d,1,0.00
Miršagkušu_d,1,0.00
Mingal_d,1,0.00
Mina-išti-beli_d,1,0.00
Mina-ikul-beli_d,1,0.00
Mina-amnu_d,1,0.00
Mešargal_d,1,0.00
Menzalagbur_d,1,0.00
Menušudu_d,1,0.00
Menunesi_d,1,0.00
Menuili_d,1,0.00
Menuamnû_d,1,0.00
Menkutae_d,1,0.00
Me.ni.TUM₃_d,1,0.00
Meninnunana_d,1,0.00
Meniŋinšudu_d,1,0.00
Memesaga_d,1,0.00
Memah_d,1,0.00
ME.KIN_d,1,0.00
ME-hursaŋ_d,1,0.00
Me.GAN_d,1,0.00
Mazebzeb_d,1,0.00
Maṣṣar-kusse_d,1,0.00
Mašsag_d,1,0.00
Martulaʾanki_d,1,0.00
MAR.HAL.KAL_d,1,0.00
Mar-biti-ša-pan-biti_d,1,0.00
Mar-biti-ša-birit-nari_d,1,0.00
Marʾat-šari_d,1,0.00
Marat-Eridu_d,1,0.00
Manziniri_d,1,0.00
Mammetu_d,1,0.00
Makurru_d,1,0.00
Mahza_d,1,0.00
Mahdiʾanak_d,1,0.00
Mahana_d,1,0.00
Magur_d,1,0.00
Magiru_d,1,0.00
Madanunu_d,1,0.00
Ma_d,1,0.00
Mabandaʾana_d,1,0.00
Lu-Ninlila_d,1,0.00
Lulu_d,1,0.00
Lulil_d,1,0.00
Lulal_d,1,0.00
Lulaku_d,1,0.00
Luhursaŋ_d,1,0.00
Lugula_d,1,0.00
Lugalusušagpiriŋ_d,1,0.00
Lugaluša_d,1,0.00
LugalUrim_d,1,0.00
LugalTintir_d,1,0.00
Lugaltilla_d,1,0.00
Lugalšunugia_d,1,0.00
Lugalšuana_d,1,0.00
Lugalšinig_d,1,0.00
Lugalšenšena_d,1,0.00
Lugalsaŋnugia_d,1,0.00
Lugalnirŋal_d,1,0.00
Lugalniŋsaga_d,1,0.00
Lugal-NI-ba-DU_d,1,0.00
Lugalŋešsuga_d,1,0.00
Lugalŋešnua_d,1,0.00
Lugalŋešdua_d,1,0.00
Lugalnamena_d,1,0.00
Lugalmagure_d,1,0.00
LugalKullab_d,1,0.00
Lugalkalamautud_d,1,0.00
Lugal-KA-gina_d,1,0.00
LugalIsin_d,1,0.00
Lugalirišaga_d,1,0.00
Lugaliribara_d,1,0.00
Lugalilduma_d,1,0.00
Lugaligikuramahdi_d,1,0.00
Lugaligihura_d,1,0.00
Lugalgudgaz_d,1,0.00
Lugalgalama_d,1,0.00
Lugalegpara_d,1,0.00
Lugaldurmah_d,1,0.00
Lugaldubur_d,1,0.00
Lugalduburana_d,1,0.00
Lugal_d,1,0.00
LugalBadtibira_d,1,0.00
Lugalasal_d,1,0.00
Lugalankia_d,1,0.00
Lugalamura_d,1,0.00
Lillu_d,1,0.00
Lalhurgalzu_d,1,0.00
Lahuratil_d,1,0.00
Lahmani-ṣalmu_d,1,0.00
Laguda_d,1,0.00
Labranu_d,1,0.00
Labbatum_d,1,0.00
Labaṣu_d,1,0.00
Kutušar_d,1,0.00
Kušzimahana_d,1,0.00
Kurunitum_d,1,0.00
Kurunam_d,1,0.00
Kurriba_d,1,0.00
Kurgal_d,1,0.00
Kunzibami_d,1,0.00
Kumarwi_d,1,0.00
Kullab_d,1,0.00
Kulianak_d,1,0.00
Kulab_d,1,0.00
KU-kita_d,1,0.00
Kuddinitu_d,1,0.00
KU-ana_d,1,0.00
Kizaza_d,1,0.00
Kiʾugu_d,1,0.00
Kišargal_d,1,0.00
Kisa_d,1,0.00
KIN-šuil_d,1,0.00
KinnuSUM_d,1,0.00
Kingu_d,1,0.00
Kihul_d,1,0.00
Kaššitu_d,1,0.00
KA.ŠID.erim₂_d,1,0.00
Karšul_d,1,0.00
Karae_d,1,0.00
Kanitu_d,1,0.00
Kalluh_d,1,0.00
KAK-KAK_d,1,0.00
Kabtazibta_d,1,0.00
Kabaʾanianakenukuru_d,1,0.00
Ittalad-ilani_d,1,0.00
Ištar-Tuyat_d,1,0.00
Ištar-raṭi_d,1,0.00
Ištar-Pinas_d,1,0.00
Ištar-niru_d,1,0.00
Ištar-niphu_d,1,0.00
Ištar-nimru_d,1,0.00
Ištar-neše_d,1,0.00
Ištar-Muṣur_d,1,0.00
Ištar-Kar-Tukulti-Ninurta_d,1,0.00
Ištar-Ekur_d,1,0.00
Ištar-bītu&&mayyālu_d,1,0.00
Ištar-anze_d,1,0.00
Išqippu_d,1,0.00
Išar-neriššu_d,1,0.00
Iriula_d,1,0.00
Irialšara_d,1,0.00
Irhan-GUL_d,1,0.00
Irhan_d,1,0.00
Inurta-ša-duri_d,1,0.00
Inimagur_d,1,0.00
Indagara_d,1,0.00
Imin_d,1,0.00
Ilušaga_d,1,0.00
Iltu_d,1,0.00
Iltanati_d,1,0.00
Il-mišaru_d,1,0.00
IlHallabu_d,1,0.00
IlHalab_d,1,0.00
Ilaba_d,1,0.00
Igkuga_d,1,0.00
Igisigsig_d,1,0.00
IGI.DU.diŋir.e.ne_d,1,0.00
IGI-DU_d,1,0.00
IGI.DU.an.na_d,1,0.00
IGI.BI.LI.ME_d,1,0.00
Iggala_d,1,0.00
Iganaŋala_d,1,0.00
Iganakešda_d,1,0.00
Idsilim_d,1,0.00
Idgal_d,1,0.00
Idatu_d,1,0.00
Iblaitu_d,1,0.00
Ibdukuga_d,1,0.00
Hušbisag_d,1,0.00
Hurabtil_d,1,0.00
Humunṣir_d,1,0.00
Hubur_d,1,0.00
Heŋalnuna_d,1,0.00
Hengallu_d,1,0.00
Hendursaŋak_d,1,0.00
Heduana_d,1,0.00
Hanibiya_d,1,0.00
Hamun_d,1,0.00
Hamunana_d,1,0.00
Hallasua_d,1,0.00
Hallasia_d,1,0.00
Halhal_d,1,0.00
Haldi-aṣira_d,1,0.00
Halankug_d,1,0.00
Haburtu_d,1,0.00
Habur_d,1,0.00
Habiru_d,1,0.00
Gušea_d,1,0.00
Gušaya_d,1,0.00
Gugkala_d,1,0.00
Gugalana_d,1,0.00
Gubagararae_d,1,0.00
Gišnumunab_d,1,0.00
Gisaʾana_d,1,0.00
Girtablilu_d,1,0.00
GIRI₃.BAL.U₂_d,1,0.00
Gemedukuga_d,1,0.00
Gašanurme_d,1,0.00
Gašanurgal_d,1,0.00
Gašanudzale_d,1,0.00
GašanTintir_d,1,0.00
Gašansun_d,1,0.00
Gašansimarana_d,1,0.00
Gašansikila_d,1,0.00
Gašanšar_d,1,0.00
GašanSAR_d,1,0.00
Gašannisaba_d,1,0.00
GašanNibru_d,1,0.00
Gašannanibgal_d,1,0.00
Gašannammu_d,1,0.00
Gašanmug_d,1,0.00
Gašanmada_d,1,0.00
Gašanlil_d,1,0.00
Gašanki_d,1,0.00
Gašankatešasiga_d,1,0.00
Gašankasi_d,1,0.00
Gašankašbaranki_d,1,0.00
Gašanisina_d,1,0.00
Gašanhursaŋkalama_d,1,0.00
Gašangirgilum_d,1,0.00
Gašaneturkalama_d,1,0.00
Gašanbaragesi_d,1,0.00
Gašanamaškuga_d,1,0.00
Gašanabzu_d,1,0.00
Gašanabdubur_d,1,0.00
Ganasi_d,1,0.00
GAL.MU_d,1,0.00
Galaruru_d,1,0.00
Galaria_d,1,0.00
GA₂.GA₂_d,1,0.00
Eziranu_d,1,0.00
E-turammi_d,1,0.00
Eṭirtu_d,1,0.00
Etamitum_d,1,0.00
Eš.še.KU_d,1,0.00
Erra-Babba_d,1,0.00
Erišu_d,1,0.00
Equ_d,1,0.00
Epadun_d,1,0.00
Enza_d,1,0.00
Enurta_d,1,0.00
Enuri_d,1,0.00
En.TI_d,1,0.00
Ensimah_d,1,0.00
Ensigalabzu_d,1,0.00
Enšada_d,1,0.00
Ennugigi_d,1,0.00
Enmelulu_d,1,0.00
Enlil-qarrad_d,1,0.00
Enlillugalzi_d,1,0.00
Enkurkur_d,1,0.00
Enkišar_d,1,0.00
Enhuŋ_d,1,0.00
Enhuŋa-KU_d,1,0.00
Engišgalanna_d,1,0.00
Enganu_d,1,0.00
Eŋaluzu_d,1,0.00
Enengur_d,1,0.00
EN-edina_d,1,0.00
Endaranuna_d,1,0.00
Endarabanda_d,1,0.00
Endaga_d,1,0.00
En-BU-dudu_d,1,0.00
Enbiluha_d,1,0.00
Enbibi_d,1,0.00
Enbanda_d,1,0.00
Enarhušdim_d,1,0.00
Enanun_d,1,0.00
Enanki_d,1,0.00
Enabzu_d,1,0.00
Ella-me_d,1,0.00
Ekid_d,1,0.00
Egpa_d,1,0.00
EgiTummal_d,1,0.00
Ea-kittu_d,1,0.00
Duttur_d,1,0.00
DU.SI.KA.MEŠ_d,1,0.00
Durahmah_d,1,0.00
DurahEridu_d,1,0.00
Durahdim_d,1,0.00
Durah_d,1,0.00
Durahbanda_d,1,0.00
Durahabzu_d,1,0.00
Dullum_d,1,0.00
DuHallab_d,1,0.00
Dinitu_d,1,0.00
Dingirtušu_d,1,0.00
Dimme_d,1,0.00
Dimmea_d,1,0.00
Dimeš_d,1,0.00
Dilbat_d,1,0.00
Dikudmah_d,1,0.00
Dayani-ṣalmi_d,1,0.00
Daragal_d,1,0.00
DARA₃.DIL.KI_d,1,0.00
Dannina_d,1,0.00
Damka_d,1,0.00
Dakbak_d,1,0.00
Daʾiktu_d,1,0.00
Dahurate_d,1,0.00
Daguna_d,1,0.00
Burruqu_d,1,0.00
Buriaš_d,1,0.00
Bitu-šemi_d,1,0.00
Biṣillu_d,1,0.00
Biruwa_d,1,0.00
Binduku_d,1,0.00
Bidu_d,1,0.00
Bel-uri_d,1,0.00
Beltu-ša-Reš_d,1,0.00
Belet-šame_d,1,0.00
Belet-parakki_d,1,0.00
Belet-erṣeti_d,1,0.00
Belet-biri_d,1,0.00
Belet-ali_d,1,0.00
Belet-adqat_d,1,0.00
Bēl_d,1,0.00
Bel-Babili_d,1,0.00
Baʾulu_d,1,0.00
BALAG.En.lil₂_d,1,0.00
Bab-ili_d,1,0.00
Bab-balaṭi_d,1,0.00
Baʾal-Ṣapunu_d,1,0.00
Baʾal-Sameme_d,1,0.00
Baʾal-Malage_d,1,0.00
Az.SIG₇.a_d,1,0.00
Ayitu_d,1,0.00
A.ta.NAM.AN_d,1,0.00
Asuziba_d,1,0.00
Asu_d,1,0.00
Aššur-kuribu_d,1,0.00
Assara-mazaš_d,1,0.00
Ašnan_d,1,0.00
Ašlu_d,1,0.00
Ašdu_d,1,0.00
Aš_d,1,0.00
Ašaru_d,1,0.00
Armada_d,1,0.00
Ara_d,1,0.00
Anniurugal_d,1,0.00
Anni_d,1,0.00
Ankid_d,1,0.00
AN.KAL.da.kar.ra_d,1,0.00
Aŋsisa_d,1,0.00
Aŋagigduga_d,1,0.00
Amna_d,1,0.00
Amautudanki_d,1,0.00
Amatuda_d,1,0.00
Amaršuba_d,1,0.00
Amanirana_d,1,0.00
Amamedab_d,1,0.00
Amame-BAD_d,1,0.00
Amahtuku_d,1,0.00
Amaea_d,1,0.00
Ama_d,1,0.00
Amaʾabzikurkura_d,1,0.00
Allamu_d,1,0.00
Alim.U₈.gal_d,1,0.00
Alimsike_d,1,0.00
Alimnuna_d,1,0.00
Alimdurah_d,1,0.00
Alimbanda_d,1,0.00
Alania_d,1,0.00
Ahbutu_d,1,0.00
Agušaya_d,1,0.00
Agudu_d,1,0.00
Aginzamanuš_d,1,0.00
Aginsigeš_d,1,0.00
Agakuga_d,1,0.00
A-Eridu_d,1,0.00
Adŋirikud_d,1,0.00
Adgigi_d,1,0.00
Adgi_d,1,0.00
Addu_d,1,0.00
Adaene_d,1,0.00
Adad-ša-zunni_d,1,0.00
Adad-ša-Kumme_d,1,0.00
Adad-ša-Halbi_d,1,0.00
Abnarbu_d,1,0.00
Ablulu_d,1,0.00
Abkuga_d,1,0.00
Abkar_d,1,0.00
Abbagula_d,1,0.00
Abaralah_d,1,0.00
Ababasaga_d,1,0.00
